{"current":{"theme-color":"#000000","color_secondary":"#666666","gray-dark":"#222222","text-color":"#666666","color_body_bg":"#ffffff","color_border":"#dddddd","select-font-second":"google","font-family-second-google-link":"<link href=\"https:\/\/fonts.googleapis.com\/css2?family=Playfair+Display:ital,wght@0,400;0,500;0,600;0,700;0,800;0,900;1,400;1,500;1,600;1,700;1,800;1,900&display=swap\" rel=\"stylesheet\">","font-family-second-google":"Playfair Display","font-family-second":"josefin_sans_n4","select-font-base":"google","font-family-base-google-link":"<link href=\"https:\/\/fonts.googleapis.com\/css2?family=Lato:ital,wght@0,100;0,300;0,400;0,700;0,900;1,100;1,300;1,400;1,700;1,900&display=swap\" rel=\"stylesheet\">","font-family-base-google":"Lato","font-family-base":"josefin_sans_n4","font-size-base":14,"layout_header":"1","menu_link_list":"main-menu","menu_link_list2":"menu-right","headertop_link_list-3":"sidebar-collection","color_header_text":"#222222","color_header_bg":"#ffffff","color_menu_bg":"#ffffff","color_menu_text":"#222222","color_menu_text_hover":"#000000","color_submenu_text":"#666666","color_submenu_text_hover":"#000000","layout_footer":"1","color_footer_text":"#666666","color_footer_text_hover":"#222222","id_ltr":"139013783858","enable_rtl":false,"iso_rtl":"ar","id_rtl":"143533277490","login_bg":"shopify:\/\/shop_images\/signin.jpg","login_style":"popup","scroll_to_top":true,"preview_bar":true,"show_search_blog":true,"search_item_count":8,"shop_full":false,"layout_filter":"sidebar_1","sidebar_enable":true,"style_view_items":"viewmore","count_items":5,"views_enable":true,"select_columns":"grid-3","sortby_enable":true,"select_pagination":"loadmore","sortby_variants":true,"number_variants":2,"product_vendor_enable":false,"product_card_review":true,"product_atc_mobile":true,"quickview_enable_mobile":true,"hover_style":"hover_style_7","image_hover":"fadein","countdown_style":"style_2","preload_product_image_logo":"eldy","quickview_enable":true,"quickview_availability":true,"quickview_quantity_selector":"text","quickview_variant_selector":"radio","filter_name_1":"Size","select_filter_1":"label","filter_name_2":"Color","select_filter_2":"color","filter_name_3":"Style","select_filter_3":"image","show_size_chart":true,"html_size_chart":"size-guide","collection_nofication":"all-products","start_time":3,"start_time_unit":"minute","user_purchased":"Jhon (Tokyo) | James (New York) | David (Ohio) | Jack (Monaco) | Lindan (California) | Grap (Texas) | Sabo (Florida) | Pain (Illinois) | Kakuzu (Washington) | Sukuna (Nevada)","time_suggest":"5 minutes ago | 10 minutes ago | 15 minutes ago | 20 minutes ago | 35 minutes ago | 50 minutes ago | 1 hours ago | 2 hours ago | 3 hours ago | 4 hours ago","limit_nofication":10,"cart_type":"modal","price_shipping_bar":"100","cart_fire_work":true,"show_gift_card":true,"product_gift_card":"long-shoulder-bag","content_gift_card":"Add gift wrap","content_terms_conditions":"I agree with the <a href=\"#\">terms and conditions<\/a>","alert_terms_conditions":"<p>Mafoli supplies products listed on the Demati, and Demati websites, and in our stores under the following Terms and Conditions. Please read these Terms and Conditions, and our Privacy and Cookie Policies carefully before using any of our websites, or ordering from us.<\/p><p>The Terms and Conditions apply to your use of any Demati website and to any products you purchase from them; regardless of how you access the website, including any technologies or devices where our website is available to you at home, on the move or in store<\/p><p>We reserve the right to update these Terms and Conditions at any time, and any updates affecting you or your purchases will be notified to you, by us in writing (via email), and on this page.<\/p><p>The headings in these Conditions are for convenience only and shall not affect their interpretation.<\/p><p>We recommend that you print and keep a copy of these Terms and Conditions for your future reference...<\/p>","cart_notes_enable":true,"cart_coupon_enable":true,"cart_shipping_enable":true,"shipping_calculator_heading":"Get shipping estimates","shipping_calculator_submit_button_label":"ESTIMATE","sidebar_position":"left","layout_blog":"standar","show_currency_selector":true,"auto_currency":true,"flag_currency":true,"currency_format":"money_format","round_currency":true,"mess_currency":"All charges are billed in <span>[original_currency]<\/span>. While the content of your cart is currently displayed in [current_currency], the checkout will use <span>[original_currency]<\/span> at the most current exchange rate.","hover_currency":true,"show_you_leave":true,"img_you_leave":"shopify:\/\/shop_images\/leave.jpg","title_you_leave":"BEFORE YOU<br> LEAVE...","desc_you_leave":"Take <span>15% off<\/span> your first order","url_you_leave":"","collection_you_leave":"earrings","limit_you_leave":3,"social_facebook_link":"#","social_twitter_link":"#","social_instagram_link":"#","social_youtube_link":"#","share_facebook":true,"favicon":"shopify:\/\/shop_images\/80x80.png","cookie_agree_button":"Agree","cookie_consent_button":"Not agree","newsletter_popup_enable":true,"newsletter_popup_image":"shopify:\/\/shop_images\/newsletter.jpg","newsletter_popup_title":"Join the our family","newsletter_popup_subtitle":"Sign up for our newsletter and receive updates you’re looking for: interior inspiration, the latest trends and discounts","newsletter_popup_mailchimp":false,"verify_popup_enable":false,"custom_css":"","checkout_logo_image":"shopify:\/\/shop_images\/logo_6c2c83c7-d9df-4e56-bdfb-2f8cda3894ce.png","checkout_logo_size":"small","menu_collection_search":"collection-search","cookie_policy_button":"<a href=\"\/policies\/privacy-policy\">Learn more<\/a>","color_footer_bg":"#f8f8f8","header_overlay":true,"mlvedaACS_autoSwitch":false,"mlvedaACS_isCustomized":true,"layout_article":"sidebar_left","mlvedaACS_borderLook":true,"mlvedaACS_textColor":"inherit","mlvedaACS_flagStyle":"circle","mlvedaACS_isMessageDisplay":true,"mlvedaACS_messageColor":"inherit","mlvedaACS_roundDecimal":false,"mlvedaACS_messageContent":"<<shop.name>> process all orders in <<shop.currency>>. While the content of your cart is currently displayed in <<shop.selected_currency>>, you will checkout using <<shop.currency>> at the most current exchange rate.","cart_quantity_selector":"text","mlvedaACS_os2":false,"mlvedaACS_positionTop":"10px","mlvedaACS_positionRight":"10px","show_shipping_bar":true,"mlvedaACS_positionLeft":"10px","mlvedaACS_defaultCurrency":"USD","mlvedaACS_positionBottom":"10px","mlvedaACS_messageBackgroundColor":"inherit","style_option":"circle","mlvedaACS_roundDecimalValue":1,"mlvedaACS_backgroundColor":"#ffffff","mlvedaACS_position":"top_with_right","style_nofication":"style_2","mlvedaACS_textHoverColor":"inherit","mlvedaACS_enable":true,"mlvedaACS_supportedCurrencies":"USD GBP EUR CAD AUD INR JPY VND","mlvedaACS_hideDecimal":false,"mlvedaACS_hoverBackgroundColor":"inherit","mlvedaACS_currencyFormat":"money_format","mlvedaACS_borderLineColor":"inherit","size_option":30,"mlvedaACS_displayFlag":false,"sections":{"page-breadcrumb":{"type":"page-breadcrumb","settings":{"enable":true,"bgimage":false}},"collection-sidebartop":{"type":"collection-sidebartop","settings":{"categories_enable":true,"categories_title":"Collections","categories_menu":"sidebar-collection","show_count":true,"enable_filtering":true}},"search-breadcrumb":{"type":"search-breadcrumb","settings":{"enable":true,"bgimage":true,"image":"shopify:\/\/shop_images\/overlay-header_7ed1daa6-0e5e-4fcd-98b8-b77c7fa20f8c.jpg"}},"blog-breadcrumb":{"type":"blog-breadcrumb","settings":{"enable":true,"bgimage":false,"blog_categories_menu":"sidebar-blog"}},"blog-sidebar":{"type":"blog-sidebar","settings":{"search_enable":true,"categories_enable":true,"categories_title":"Categories","menu_categories":"sidebar-blog","relatedarticles_enable":true,"relatedarticles_title":"Related Posts","relatedarticles_limit":3,"tags_enable":true,"tags_title":"Tags","tags_limit":10}},"product-template":{"type":"product-template","settings":{"product_button_wishlist":true,"product_button_compare":true,"show_sticky_cart":false,"media_layout":"thumbnails","position_thumbnails":"bottom","thumbnail_count":6,"enable_video_looping":false}},"featured-brands":{"type":"featured-brands","blocks":{"51f78a64-03e6-4a6e-84f6-bc9cad196c49":{"type":"brand","settings":{"image":"shopify:\/\/shop_images\/brand-4.jpg","name":"Brand","url":"shopify:\/\/collections\/all"}},"4caaafd4-a654-4013-a228-2fd5c7ed7ca1":{"type":"brand","settings":{"image":"shopify:\/\/shop_images\/brand-5.jpg","name":"Brand","url":"shopify:\/\/collections\/all"}},"38561d9f-362f-4667-9743-f7338f274628":{"type":"brand","settings":{"image":"shopify:\/\/shop_images\/brand-3.jpg","name":"Brand","url":"shopify:\/\/collections\/all"}},"5691a8bc-3339-4107-bb28-56fc7eba7cf9":{"type":"brand","settings":{"image":"shopify:\/\/shop_images\/brand-2.jpg","name":"Brand","url":"shopify:\/\/collections\/all"}},"6d1d2751-b806-42d1-8ad0-fa976a979877":{"type":"brand","settings":{"image":"shopify:\/\/shop_images\/brand-1.jpg","name":"Brand","url":"shopify:\/\/collections\/all"}}},"block_order":["6d1d2751-b806-42d1-8ad0-fa976a979877","5691a8bc-3339-4107-bb28-56fc7eba7cf9","38561d9f-362f-4667-9743-f7338f274628","51f78a64-03e6-4a6e-84f6-bc9cad196c49","4caaafd4-a654-4013-a228-2fd5c7ed7ca1"],"settings":{"show":true,"max_width":"","fullwidth":false,"padding":"20px 0","margin":"0 0 -60px","title":"","navigation":true,"infinite":true,"autoplay":false,"autoplay_speed":"10000","columns":5,"column1440":4,"column1":4,"column2":3,"column3":2,"column4":1}},"list-collections-template":{"type":"list-collections-template","blocks":{"f7fc691c-ac9e-4fda-85e2-079e699f7265":{"type":"collection","settings":{"collection":"all-products"}},"82b24bd2-86ee-4776-9e64-e5f14f1313c4":{"type":"collection","settings":{"collection":"accessories"}},"4a932448-09bc-4728-a639-0aa2b2d6ad10":{"type":"collection","settings":{"collection":"dresses"}},"09d6d9bf-6e3f-47ee-9ee0-0527eeee31ff":{"type":"collection","settings":{"collection":"knitwear"}},"0b807616-b4d3-4e42-9c90-0c8108060d57":{"type":"collection","settings":{"collection":"men"}},"3307c93b-0f22-42d3-83e6-a21151f2ba3e":{"type":"collection","settings":{"collection":"shoes"}},"632974fd-65f2-4baa-87fe-fe4989d6f3e8":{"type":"collection","settings":{"collection":"sweatshirts"}},"431f5626-0370-43c3-a72c-09723cf03693":{"type":"collection","settings":{"collection":"women"}}},"block_order":["f7fc691c-ac9e-4fda-85e2-079e699f7265","82b24bd2-86ee-4776-9e64-e5f14f1313c4","4a932448-09bc-4728-a639-0aa2b2d6ad10","09d6d9bf-6e3f-47ee-9ee0-0527eeee31ff","0b807616-b4d3-4e42-9c90-0c8108060d57","3307c93b-0f22-42d3-83e6-a21151f2ba3e","632974fd-65f2-4baa-87fe-fe4989d6f3e8","431f5626-0370-43c3-a72c-09723cf03693"],"settings":{"display_type":"selected","style_collection_list":"style_1","sort":"alphabetical","column1":4,"column2":3,"column3":2,"column4":2}},"customer-variant":{"type":"customer-variant","blocks":{"68f6706b-4ced-4eb4-beac-6188145816c7":{"type":"color","settings":{"title":".Silver","is_label":false,"select_color_1":"#c8c8c8","show_gradient":false,"select_color_2":"","show_image":false}},"59d79fc1-a459-4e80-82f6-6aa1df113b40":{"type":"color","settings":{"title":".Gold","is_label":false,"select_color_1":"#c69a02","show_gradient":false,"select_color_2":"","show_image":false}}},"block_order":["68f6706b-4ced-4eb4-beac-6188145816c7","59d79fc1-a459-4e80-82f6-6aa1df113b40"],"settings":{}},"blog-template-search":{"type":"blog-template-search","settings":{"limit":5}},"collection-sidebarbottom":{"type":"collection-sidebarbottom","settings":{"products_enbale":false,"products_title":"FEATURE PRODUCT","collection_handle":"accessories","products_limit":"3","sidebar_banner_enable":false,"link":"\/"}},"collection-template":{"type":"collection-template","settings":{"categories_enable":true,"categories_title":"Collection","categories_menu":"sidebar-collection","show_count":true,"layput_shop":"simple","page_item":12,"numproduct_enable":true}},"blog-sidebar-search":{"type":"blog-sidebar-search","settings":{"search_enable":true,"categories_enable":true,"categories_title":"Categories","menu_categories":"sidebar-blog","relatedarticles_enable":true,"relatedarticles_title":"Related Articles","relatedarticles_limit":3}},"contact-form":{"type":"contact-form","settings":{"style_image":"svg","contact_svg":"<svg xmlns=\"http:\/\/www.w3.org\/2000\/svg\" id=\"Icons\" viewbox=\"0 0 74 74\" width=\"100%\" height=\"100%\"><path d=\"M3,29a1,1,0,0,1-.593-1.806l10-7.35a1,1,0,1,1,1.184,1.612l-10,7.35A.993.993,0,0,1,3,29Z\"><\/path><path d=\"M71,72H51.24a1,1,0,0,1,0-2H70V28a1,1,0,0,1,2,0V71A1,1,0,0,1,71,72Z\"><\/path><path d=\"M34.27,72h-2.9a1,1,0,0,1,0-2h2.9a1,1,0,1,1,0,2Z\"><\/path><path d=\"M24.37,72H3a1,1,0,0,1-1-1V28a1,1,0,0,1,2,0V70H24.37a1,1,0,1,1,0,2Z\"><\/path><path d=\"M44.24,72H41.27a1,1,0,0,1,0-2h2.97a1,1,0,1,1,0,2Z\"><\/path><path d=\"M28.479,50.5a.992.992,0,0,1-.644-.236l-25.48-21.5a1,1,0,1,1,1.29-1.528l25.48,21.5a1,1,0,0,1-.646,1.764Z\"><\/path><path d=\"M45.521,50.5a1,1,0,0,1-.646-1.764l25.48-21.5a1,1,0,0,1,1.29,1.528l-25.48,21.5A.994.994,0,0,1,45.521,50.5Z\"><\/path><path d=\"M71,29a.993.993,0,0,1-.591-.194l-10-7.35a1,1,0,1,1,1.184-1.612l10,7.35A1,1,0,0,1,71,29Z\"><\/path><path d=\"M47.879,12a.993.993,0,0,1-.591-.194L37,4.241,26.712,11.806a1,1,0,0,1-1.184-1.612l10.88-8a1,1,0,0,1,1.184,0l10.88,8A1,1,0,0,1,47.879,12Z\"><\/path><path d=\"M61,37.44a1,1,0,0,1-1-1V12H14V36.44a1,1,0,0,1-2,0V11a1,1,0,0,1,1-1H61a1,1,0,0,1,1,1V36.44A1,1,0,0,1,61,37.44Z\"><\/path><path d=\"M52.175,19.667H21.825a1,1,0,0,1,0-2h30.35a1,1,0,0,1,0,2Z\"><\/path><path d=\"M52.175,27H21.825a1,1,0,0,1,0-2h30.35a1,1,0,0,1,0,2Z\"><\/path><path d=\"M52.175,34.333H21.825a1,1,0,0,1,0-2h30.35a1,1,0,0,1,0,2Z\"><\/path><path d=\"M71,72a1,1,0,0,1-.645-.236L43.224,48.873a9.628,9.628,0,0,0-12.448,0L3.645,71.764a1,1,0,1,1-1.29-1.528L29.486,47.344a11.622,11.622,0,0,1,15.028,0L71.645,70.236A1,1,0,0,1,71,72Z\"><\/path><\/svg>","font_icon":"60px","color_svg":"#000000","max_width":"960px","fullwidth":false,"padding":"0 30px | 0 15px","margin":"-300px 0 | -180px 0 | -150px 0 | 0","heading":"Send us an message","sub_heading":""}},"portfolio-template":{"type":"portfolio-template","settings":{"limit":3,"limit-coloumn":3,"limit-coloumn2":3,"layout":"normal","select_pagination":"pagination"}},"product-breadcrumb":{"type":"product-breadcrumb","settings":{}},"main-search":{"type":"main-search","settings":{"page_item":12}},"featured-newsletter":{"type":"featured-newsletter","settings":{"max_width":"630px","fullwidth":false,"padding":"0 15px","margin":"","mailchimp":true,"form_action":""}},"faq-template":{"type":"faq-template","blocks":{"b0ee95f9-a491-4ee7-b4df-d17e9163c68f":{"type":"faq","settings":{"title":"01. The order","content":"<p><strong>When do I receive my order?<\/strong><br\/>When placing the order, a day of shipment is indicated. After the order has been placed, the same delivery time will also be stated on the order confirmation. It is therefore never possible that during the order, the shipping day on the website, is different than on the order confirmation.<br\/><br\/><strong>I now see the longer delivery time of (a part of) my order. How can I cancel it?<\/strong><br\/>If the order has a longer delivery time than you had previously seen, it is of course possible to cancel (a part of) the order. For this you can contact our customer service. They will cancel the order for you. The purchase amount will be back on your bank account within two working days. When an order has already been shipped, it can no longer be cancelled.<\/p><p><br\/><strong>When will I receive the invoice for my order?<\/strong><br\/>When you have paid for the order, you will not automatically receive an invoice for your order. If you wish to receive an invoice, this can be done in two ways.The first way is through your account at our store. When you log in to your account you can see your orders and download the invoice.<\/p>","width":"50% | | | 100%","padding":"0 15px"}},"e0973b19-7458-4486-b7b0-6786c38b8dd0":{"type":"faq","settings":{"title":"02. Shipment","content":"<p><strong>When do I receive my order?<\/strong><br\/>When placing the order, a day of shipment is indicated. After the order has been placed, the same delivery time will also be stated on the order confirmation. It is therefore never possible that during the order, the shipping day on the website, is different than on the order confirmation.<br\/><br\/><strong>I now see the longer delivery time of (a part of) my order. How can I cancel it?<\/strong><br\/>If the order has a longer delivery time than you had previously seen, it is of course possible to cancel (a part of) the order. For this you can contact our customer service. They will cancel the order for you. The purchase amount will be back on your bank account within two working days. When an order has already been shipped, it can no longer be cancelled.<\/p><p><br\/><strong>When will I receive the invoice for my order?<\/strong><br\/>When you have paid for the order, you will not automatically receive an invoice for your order. If you wish to receive an invoice, this can be done in two ways.The first way is through your account at our store. When you log in to your account you can see your orders and download the invoice.<\/p>","width":"50% | | | 100%","padding":"0 15px"}},"1b943bbd-3c41-4d20-b1ba-5154c3f784d7":{"type":"faq","settings":{"title":"03. The order","content":"<p><strong>When do I receive my order?<\/strong><br\/>When placing the order, a day of shipment is indicated. After the order has been placed, the same delivery time will also be stated on the order confirmation. It is therefore never possible that during the order, the shipping day on the website, is different than on the order confirmation.<br\/><br\/><strong>I now see the longer delivery time of (a part of) my order. How can I cancel it?<\/strong><br\/>If the order has a longer delivery time than you had previously seen, it is of course possible to cancel (a part of) the order. For this you can contact our customer service. They will cancel the order for you. The purchase amount will be back on your bank account within two working days. When an order has already been shipped, it can no longer be cancelled.<\/p><p><br\/><strong>When will I receive the invoice for my order?<\/strong><br\/>When you have paid for the order, you will not automatically receive an invoice for your order. If you wish to receive an invoice, this can be done in two ways.The first way is through your account at our store. When you log in to your account you can see your orders and download the invoice.<\/p>","width":"50% | | | 100%","padding":"0 15px"}},"91f8c21c-0dd4-49ce-a52b-35de564327e4":{"type":"faq","settings":{"title":"04. Returns, exchanges and complaints","content":"<p><strong>When do I receive my order?<\/strong><br\/>When placing the order, a day of shipment is indicated. After the order has been placed, the same delivery time will also be stated on the order confirmation. It is therefore never possible that during the order, the shipping day on the website, is different than on the order confirmation.<br\/><br\/><strong>I now see the longer delivery time of (a part of) my order. How can I cancel it?<\/strong><br\/>If the order has a longer delivery time than you had previously seen, it is of course possible to cancel (a part of) the order. For this you can contact our customer service. They will cancel the order for you. The purchase amount will be back on your bank account within two working days. When an order has already been shipped, it can no longer be cancelled.<\/p><p><br\/><strong>When will I receive the invoice for my order?<\/strong><br\/>When you have paid for the order, you will not automatically receive an invoice for your order. If you wish to receive an invoice, this can be done in two ways.The first way is through your account at our store. When you log in to your account you can see your orders and download the invoice.<\/p>","width":"50% | | | 100%","padding":"0 15px"}}},"block_order":["b0ee95f9-a491-4ee7-b4df-d17e9163c68f","e0973b19-7458-4486-b7b0-6786c38b8dd0","1b943bbd-3c41-4d20-b1ba-5154c3f784d7","91f8c21c-0dd4-49ce-a52b-35de564327e4"],"settings":{}},"product-information":{"type":"product-information","settings":{"tab_layout":"tab"}},"featured-banner":{"type":"featured-banner","blocks":{"0f55dd53-955b-41d4-b81e-af3fac2aa9c3":{"type":"image","settings":{"title":"","image":"shopify:\/\/shop_images\/about-1.jpg","vertical_position":"bottom","horizontal_position":"center","text_align":"center","padding_content":"0","padding_image":"0 15px  | 0 7.5px | | 0 7.5px 15px","width_image":"100%"}}},"block_order":["0f55dd53-955b-41d4-b81e-af3fac2aa9c3"],"settings":{"show":true,"max_width":"1440px","fullwidth":false,"padding":"0 15px | 0 7.5px","margin":"50px 0 0 0","effect":"effect-one"}},"recently-viewed":{"type":"recently-viewed","settings":{"heading":"Recently Viewed Products","navigation":true,"limit":5,"infinite":true,"autoplay":true,"autoplay_speed":"10000","columns":4,"column1440":4,"column1":4,"column2":3,"column3":1,"column4":1}},"blog-template":{"type":"blog-template","settings":{"limit":6,"limit-coloumn":3,"limit-coloumn2":3,"show_date":true,"show_category":true,"select_pagination":"loadmore"}},"collection-banner":{"type":"collection-banner","blocks":{"dc31ad9a-8d90-44df-9372-16d11c9780c5":{"type":"image","settings":{"image":"shopify:\/\/shop_images\/shop-banner_c940416c-7a06-444f-84cf-9a6d39646d06.jpg","height_image":"220px","position_image":"center","size_image":"cover","title":"SALE UP TO 70%","color_title":"#000000","description":"NEW COLLECTION","color_description":"#666666","button":"SHOP NOW","url":"\/","color_button":"#000000","bg_button":"rgba(0,0,0,0)","border_button":"#000000","vertical_position":"center","horizontal_position":"right","text_align":"left","padding":"0 50px | | 0 15px","effect":"effect-three"}},"4fcd3fec-8c42-4bdc-9dda-082294ad4ba9":{"type":"image","settings":{"image":"shopify:\/\/shop_images\/shop-banner-2_3badc2a5-5c34-4b43-888a-c6286f02ac7e.jpg","height_image":"220px","position_image":"center","size_image":"cover","title":"WOMEN'S DRESSES","color_title":"#000000","description":"LOOKBOOK SS23","color_description":"#666666","button":"SHOP NOW","url":"\/","color_button":"#000000","bg_button":"rgba(0,0,0,0)","border_button":"#000000","vertical_position":"center","horizontal_position":"right","text_align":"left","padding":"0 50px | | 0 15px","effect":"effect-three"}}},"block_order":["dc31ad9a-8d90-44df-9372-16d11c9780c5","4fcd3fec-8c42-4bdc-9dda-082294ad4ba9"],"settings":{"show":false}},"map":{"type":"map","settings":{"max_width":"","fullwidth":true,"padding":"","margin":"","api_key":"","html_map":"<iframe src=\"https:\/\/www.google.com\/maps\/embed?pb=!1m18!1m12!1m3!1d158857.7281086143!2d-0.24167978096635917!3d51.52877184031897!2m3!1f0!2f0!3f0!3m2!1i1024!2i768!4f13.1!3m3!1m2!1s0x47d8a00baf21de75%3A0x52963a5addd52a99!2zTHXDom4gxJDDtG4sIFbGsMahbmcgUXXhu5FjIEFuaA!5e0!3m2!1svi!2s!4v1648610183581!5m2!1svi!2s\" width=\"auto\" height=\"450\" style=\"border:0;\" allowfullscreen=\"\" loading=\"lazy\" referrerpolicy=\"no-referrer-when-downgrade\"><\/iframe>"}},"contact-info":{"type":"contact-info","settings":{"max_width":"","fullwidth":false,"padding":"0 30px | 0 15px","margin":"85px 0 0 0 | 50px 0 115px 0 | 50px 0 120px 0 | 25px 0 0 0","heading":"Contact Details"}},"collection-breadcrumb":{"type":"collection-breadcrumb","settings":{"enable":true,"bgimage":false,"enable_collection":false,"categories_menu":"sidebar-collection","style_collection":"style_2","navigation":true,"infinite":true,"columns":5,"column1440":5,"column1":5,"column2":4,"column3":3,"column4":2}},"article-breadcrumb":{"type":"article-breadcrumb","settings":{}},"portfolio-breadcrumb":{"type":"portfolio-breadcrumb","settings":{"enable":true,"bgimage":false}},"product-recommendations":{"type":"product-recommendations","settings":{"heading":"You may also like","navigation":true,"infinite":true,"autoplay":false,"autoplay_speed":"10000","columns":4,"column1440":4,"column1":4,"column2":3,"column3":3,"column4":2}},"featured-testimonials":{"type":"featured-testimonials","blocks":{"e68fece1-2b67-4c5d-b2d1-26a2fa4059e2":{"type":"testimonial","settings":{"name":"SAITAMA ONE","review":"<h5>“Fabulous Grounds”<\/h5>Blood bank canine teeth larynx occupational therapist oncologist optician plaque spinal tap stat strep...","rating":"5"}},"f7021690-8b0c-4eda-90e5-d6145bb6c8c1":{"type":"testimonial","settings":{"name":"ANN SMITH","review":"<h5>“Amazing piece of history”<\/h5>Blood bank canine teeth larynx occupational therapist oncologist optician plaque spinal tap stat strep...","rating":"5"}},"e8d2e11f-bd7b-4d68-9e08-657ad039b90a":{"type":"testimonial","settings":{"name":"SHETTY JAMIE","review":"<h5>“Stunning Design”<\/h5>Blood bank canine teeth larynx occupational therapist oncologist optician plaque spinal tap stat strep...","rating":"5"}},"67304f68-8de5-436d-9b3b-77a14a6c4f04":{"type":"testimonial","settings":{"name":"SARA COLINTON","review":"<h5>“Fabulous Grounds”<\/h5>Blood bank canine teeth larynx occupational therapist oncologist optician plaque spinal tap stat strep...","rating":"5"}}},"block_order":["f7021690-8b0c-4eda-90e5-d6145bb6c8c1","e68fece1-2b67-4c5d-b2d1-26a2fa4059e2","67304f68-8de5-436d-9b3b-77a14a6c4f04","e8d2e11f-bd7b-4d68-9e08-657ad039b90a"],"settings":{"max_width":"","fullwidth":false,"padding":"","margin":"0 0 75px","navigation":true,"infinite":true,"autoplay":false,"autoplay_speed":"10000","columns":3,"column1440":3,"column1":2,"column2":2,"column3":1,"column4":1}},"header-campar":{"type":"header-campar","settings":{"show_campar":false,"max_width":"","fullwidth":true,"padding":"5px 0","margin":"","bg_background":"#000000","content_campar":"Summer sale discount off 30%! <span> Shop Now<\/span>","url_campar":"","color_content":"#ffffff","color_span":"#ff0000","marquee_content":true,"marquee_loop":10,"marquee_time":4,"show_mobile":true}},"header-topbar":{"type":"header-topbar","blocks":{"6c61b96d-e6bb-48ca-a054-b41dca76ae11":{"type":"text-with-icon","settings":{"text_icon_content1":"<i class=\"icon-phone\"><\/i>\n0987654321","color_text_icon1":"#222222","text_icon_content2":"<i class=\"icon-email\"><\/i> support@eldy.com","color_text_icon2":"#222222","show_mobile_text_icon":true}},"a4de579f-d8d5-4a1b-99c0-69d98b156b3c":{"type":"custom-text","settings":{"custom_text_content":"Get an extra -10% off with code: Eldy10","color_custom_text":"#222222","color_custom_text_link":"#ffffff","show_mobile_custom_text":true}},"23ef5a9e-a1eb-427c-a447-31f77dbb6477":{"type":"language-currency","settings":{"show_mobile_currency":true}}},"block_order":["6c61b96d-e6bb-48ca-a054-b41dca76ae11","a4de579f-d8d5-4a1b-99c0-69d98b156b3c","23ef5a9e-a1eb-427c-a447-31f77dbb6477"],"settings":{"show_topbar":true,"max_width":"1790px","fullwidth":false,"padding":"11px 15px | 11px 0px","margin":"","bg_background":"#ffffff","topbar_absolute":false,"bg_background2":"rgba(0,0,0,0)","font_size":14,"color_text":"#222222","border":true,"border_width":"0 0 1px 0","border_color":"#dddddd","border_opacity":1,"show_mobile":true}},"header_1":{"type":"header_1","blocks":{"8c869ae7-5cf9-4cc8-803a-cb2700cfd0a3":{"type":"megamenu","settings":{"title":"home","megamenu_name":"megamenu home","width":"full","width_custom":"","btn_viewall":false,"label_btn_viewall":"View All Demos (50+)","url_btn_viewall":"https:\/\/shopify.wpbingosite.com\/landing\/demati"}},"de6aff3d-7b32-432f-8e37-fd5b3f99662f":{"type":"megamenu-child","settings":{"title":"megamenu home","widget":"menu","menu_col":"20%","menu_heading":"","menu_link_list_child":"home-1","banner_title":"Home 1","banner_button":"","banner_link":"","collection_widget":"","blog_widget":""}},"b964c16e-e34d-4fc6-bfd7-8870be0d3915":{"type":"megamenu-child","settings":{"title":"megamenu home","widget":"menu","menu_col":"20%","menu_heading":"","menu_link_list_child":"home-2","banner_title":"Home 2","banner_button":"","banner_link":"","collection_widget":"","blog_widget":""}},"263c7dce-f2bd-4af8-817c-4b2c0e8fea56":{"type":"megamenu-child","settings":{"title":"megamenu home","widget":"menu","menu_col":"20%","menu_heading":"","menu_link_list_child":"home-5","banner_title":"Home 5","banner_button":"","banner_link":"","collection_widget":"","blog_widget":""}},"0993e9f3-c4fd-4bb0-ae03-459560be7a3d":{"type":"megamenu-child","settings":{"title":"megamenu home","widget":"menu","menu_col":"20%","menu_heading":"","menu_link_list_child":"home-6","banner_title":"Home 3","banner_button":"","banner_link":"","collection_widget":"","blog_widget":""}},"1f8270d4-17e7-4ad0-aaca-dfc130ead470":{"type":"megamenu-child","settings":{"title":"megamenu home","widget":"menu","menu_col":"20%","menu_heading":"","menu_link_list_child":"home-7","banner_title":"Home 4","banner_button":"","banner_link":"","collection_widget":"","blog_widget":""}},"4955399e-5873-4c54-85f7-ba05e8bc94be":{"type":"megamenu","settings":{"title":"shop","megamenu_name":"megamenu shop","width":"full","width_custom":"","btn_viewall":false,"label_btn_viewall":"View All Demos (50+)","url_btn_viewall":""}},"888a91f4-ac68-43b1-86e5-51edf5982377":{"type":"megamenu-child","settings":{"title":"megamenu shop","widget":"image","menu_col":"25%","menu_heading":"","menu_link_list_child":"","image":"shopify:\/\/shop_images\/Rectangle_1.jpg","banner_title":"NEW ARRIVALS","banner_button":"","banner_link":"","collection_widget":"","blog_widget":""}},"1b452c39-6b5f-464b-a081-c4c5dd344a45":{"type":"megamenu-child","settings":{"title":"megamenu shop","widget":"image","menu_col":"25%","menu_heading":"","menu_link_list_child":"","image":"shopify:\/\/shop_images\/Rectangle_2.jpg","banner_title":"BEST SELLERS","banner_button":"","banner_link":"","collection_widget":"","blog_widget":""}},"257d0adb-fddb-49c3-8728-bc026156d477":{"type":"megamenu-child","settings":{"title":"megamenu shop","widget":"menu","menu_col":"16.66%","menu_heading":"LAYOUT","menu_link_list_child":"layout","banner_title":"","banner_button":"","banner_link":"","collection_widget":"","blog_widget":""}},"c3473953-ca75-4daf-a5ef-ddbc11fb906d":{"type":"megamenu-child","settings":{"title":"megamenu shop","widget":"menu","menu_col":"16.66%","menu_heading":"FILTER","menu_link_list_child":"filter","banner_title":"","banner_button":"","banner_link":"","collection_widget":"","blog_widget":""}},"89127478-5da7-4c80-929d-a73781863a72":{"type":"megamenu-child","settings":{"title":"megamenu shop","widget":"menu","menu_col":"16.66%","menu_heading":"LOADER & CART","menu_link_list_child":"loader-cart","banner_title":"","banner_button":"","banner_link":"","collection_widget":"","blog_widget":""}},"60b73898-3d5f-46b9-8cb5-a439c670ced3":{"type":"megamenu","settings":{"title":"product","megamenu_name":"megamenu product","width":"full","width_custom":"","btn_viewall":false,"label_btn_viewall":"View All Demos (50+)","url_btn_viewall":""}},"4fcc6430-4f75-4997-84ae-0fa64741cb6b":{"type":"megamenu-child","settings":{"title":"megamenu product","widget":"menu","menu_col":"25%","menu_heading":"PRODUCT LAYOUT","menu_link_list_child":"product-layout","banner_title":"","banner_button":"","banner_link":"","collection_widget":"","blog_widget":""}},"f32136b0-f188-4ae2-a2a6-809b8e190e5d":{"type":"megamenu-child","settings":{"title":"megamenu product","widget":"menu","menu_col":"25%","menu_heading":"FRETURED","menu_link_list_child":"featured","banner_title":"","banner_button":"","banner_link":"","collection_widget":"","blog_widget":""}},"d0b942ea-f99a-4114-a99d-e965c06b5eeb":{"type":"megamenu-child","settings":{"title":"megamenu product","widget":"menu","menu_col":"25%","menu_heading":"FRETURED","menu_link_list_child":"featured-1","banner_title":"","banner_button":"","banner_link":"","collection_widget":"","blog_widget":""}},"94292b6f-8ed3-4d51-964a-a75b4df3f46a":{"type":"megamenu-child","settings":{"title":"megamenu product","widget":"menu","menu_col":"25%","menu_heading":"PRODUCT CARD","menu_link_list_child":"product-card","banner_title":"","banner_button":"","banner_link":"","collection_widget":"","blog_widget":""}},"0dbf80e5-8fec-448f-bae1-83864111abd6":{"type":"megamenu","settings":{"title":"blog","megamenu_name":"megamenu blog","width":"custom","width_custom":"650px","btn_viewall":false,"label_btn_viewall":"View All Demos (50+)","url_btn_viewall":""}},"10cee83a-e77d-403f-a7d2-8158bd8d30f2":{"type":"megamenu-child","settings":{"title":"megamenu blog","widget":"menu","menu_col":"50%","menu_heading":"LAYOUT & POST","menu_link_list_child":"layout-post","banner_title":"","banner_button":"","banner_link":"","collection_widget":"","blog_widget":""}},"e93fca06-e5e7-40c7-8c03-276174a69a1c":{"type":"megamenu-child","settings":{"title":"megamenu blog","widget":"blog","menu_col":"50%","menu_heading":"","menu_link_list_child":"","banner_title":"","banner_button":"","banner_link":"","collection_widget":"","blog_widget":"news"}},"7aeb76fa-6d0f-4a7b-a13c-10225cf974d2":{"type":"megamenu","settings":{"title":"featured","megamenu_name":"megamenu featured","width":"full","width_custom":"","btn_viewall":false,"label_btn_viewall":"View All Demos (50+)","url_btn_viewall":""}},"b23a89cc-09f6-4c1e-a441-0beb64f9f200":{"type":"megamenu-child","settings":{"title":"megamenu featured","widget":"menu","menu_col":"20%","menu_heading":"PAGE","menu_link_list_child":"page","banner_title":"","banner_button":"","banner_link":"","collection_widget":"","blog_widget":""}},"828e04d3-d7a6-4cef-b7d6-6f275f6d383e":{"type":"megamenu-child","settings":{"title":"megamenu featured","widget":"menu","menu_col":"20%","menu_heading":"PORTFOLIO","menu_link_list_child":"featured-portfolio","banner_title":"","banner_button":"","banner_link":"","collection_widget":"","blog_widget":""}},"517289ce-5f22-450d-8f6c-2385e4920c18":{"type":"megamenu-child","settings":{"title":"megamenu featured","widget":"menu","menu_col":"20%","menu_heading":"FEATURED","menu_link_list_child":"featured-featured","banner_title":"","banner_button":"","banner_link":"","collection_widget":"","blog_widget":""}},"8ca837cc-b012-4dbe-bf4a-6ba33ca71396":{"type":"megamenu-child","settings":{"title":"megamenu featured","widget":"menu","menu_col":"20%","menu_heading":"LOOKBOOK","menu_link_list_child":"featured-lookbook","banner_title":"","banner_button":"","banner_link":"","collection_widget":"","blog_widget":""}},"f7ded231-f297-488c-8445-2c0e20e4052f":{"type":"megamenu-child","settings":{"title":"megamenu featured","widget":"menu","menu_col":"20%","menu_heading":"INSTAGRAM SHOP","menu_link_list_child":"featured-instagram-shop","banner_title":"","banner_button":"","banner_link":"","collection_widget":"","blog_widget":""}}},"block_order":["8c869ae7-5cf9-4cc8-803a-cb2700cfd0a3","de6aff3d-7b32-432f-8e37-fd5b3f99662f","b964c16e-e34d-4fc6-bfd7-8870be0d3915","263c7dce-f2bd-4af8-817c-4b2c0e8fea56","0993e9f3-c4fd-4bb0-ae03-459560be7a3d","1f8270d4-17e7-4ad0-aaca-dfc130ead470","4955399e-5873-4c54-85f7-ba05e8bc94be","888a91f4-ac68-43b1-86e5-51edf5982377","1b452c39-6b5f-464b-a081-c4c5dd344a45","257d0adb-fddb-49c3-8728-bc026156d477","c3473953-ca75-4daf-a5ef-ddbc11fb906d","89127478-5da7-4c80-929d-a73781863a72","60b73898-3d5f-46b9-8cb5-a439c670ced3","4fcc6430-4f75-4997-84ae-0fa64741cb6b","f32136b0-f188-4ae2-a2a6-809b8e190e5d","d0b942ea-f99a-4114-a99d-e965c06b5eeb","94292b6f-8ed3-4d51-964a-a75b4df3f46a","0dbf80e5-8fec-448f-bae1-83864111abd6","10cee83a-e77d-403f-a7d2-8158bd8d30f2","e93fca06-e5e7-40c7-8c03-276174a69a1c","7aeb76fa-6d0f-4a7b-a13c-10225cf974d2","b23a89cc-09f6-4c1e-a441-0beb64f9f200","828e04d3-d7a6-4cef-b7d6-6f275f6d383e","517289ce-5f22-450d-8f6c-2385e4920c18","8ca837cc-b012-4dbe-bf4a-6ba33ca71396","f7ded231-f297-488c-8445-2c0e20e4052f"],"settings":{"padding":"30px 0","header_sticky":true,"header_absolute":false,"color_homepage_text":"#000000","padding_absolute":"65px 0 20px","logo":"shopify:\/\/shop_images\/logo-black.png","logo_homepage":"shopify:\/\/shop_images\/logo-black.png","logo_max_width":110,"show_header_search":true,"show_header_wishlist":true,"page_wishlist":"","show_header_user":true,"header_user_title":"Account","header_user_link_list":"","show_header_cart":true}},"footer-bottom":{"type":"footer-bottom","blocks":{"214f660f-6620-4db4-8aeb-9a7c54791b1c":{"type":"copyright","settings":{"show_copyright":true,"copyright":"Copyright @ 2023 <span>Eldy Theme<\/span>. All rights reserved.","color":"#666666","margin":"5px 0px 5px 0px","align":"center","footer_width":100,"footer_width_ipad":100,"footer_width_mobi":100,"align_mobi":"center"}}},"block_order":["214f660f-6620-4db4-8aeb-9a7c54791b1c"],"settings":{"padding":"10px 0 10px","bg_color":"rgba(0,0,0,0)"}},"1663474605a10521ba":{"type":"slideshow","blocks":{"9542e003-cb4b-4e0c-9bda-746baf4d6778":{"type":"image","settings":{"title":"slider-1","image":"shopify:\/\/shop_images\/slider.jpg","size_img":"cover","pos_img":"center_center","caption_width":"","vertical_align":"middle","horizontal_align":"center","align":"center","padding":"0","size_img_mobi":"cover","pos_img_mobi":"center_center","disable_absolute":false,"vertical_align_mobi":"middle","horizontal_align_mobi":"left","align_mobi":"left","padding_mobi":"0"}},"a9638a38-172d-4f9a-b3ae-d18b3db22613":{"type":"sub_title","settings":{"slide_name":"slider-1","title":"AUTUMN  \/  WINTER","color":"#ffffff","font_size":30,"line_height":30,"letter_spacing":0,"font_weight":"500","margin":"0px 0px 35px 0px","effect":"topbottom","color_mobi":"#ffffff","font_size_mobi":20,"line_height_mobi":20,"letter_spacing_mobi":0,"margin_mobi":"0px 0px 20px 0px"}},"1036d1ed-b0c2-4d6e-852c-89ea2ab4713b":{"type":"title","settings":{"slide_name":"slider-1","title":"NEW ARRIVALS","color":"#ffffff","font_size":50,"line_height":50,"letter_spacing":0,"font_weight":"500","margin":"0px 0px 40px 0px","effect":"leftright","color_mobi":"#ffffff","font_size_mobi":35,"line_height_mobi":35,"letter_spacing_mobi":0,"margin_mobi":"0px 0px 25px 0px"}},"adc6ef0b-0019-4d3e-93c3-1f101400565a":{"type":"button","settings":{"slide_name":"slider-1","title":"SHOP NOW","button_link":"shopify:\/\/collections\/all","border":false,"border_radius":"0","border_width":0,"color":"#ffffff","background":"#000000","border_color":"#ffffff","color_hover":"#ffffff","background_hover":"#7f4227","border_color_hover":"#ffffff","font_size":14,"line_height":55,"letter_spacing":0,"font_weight":"500","margin":"0px 0px 0px 0px","padding":"0px 70px 0px 70px","effect":"leftright","font_size_mobi":12,"line_height_mobi":40,"letter_spacing_mobi":1,"border_mobi":false,"border_radius_mobi":"0","border_width_mobi":0,"color_mobi":"#ffffff","background_mobi":"#000000","border_color_mobi":"#ffffff","color_hover_mobi":"#ffffff","background_hover_mobi":"#7f4227","border_color_hover_mobi":"#ffffff","margin_mobi":"0px 0px 0px 0px","padding_mobi":"0px 20px 0px 20px"}}},"block_order":["9542e003-cb4b-4e0c-9bda-746baf4d6778","a9638a38-172d-4f9a-b3ae-d18b3db22613","1036d1ed-b0c2-4d6e-852c-89ea2ab4713b","adc6ef0b-0019-4d3e-93c3-1f101400565a"],"settings":{"navigation":false,"pagination":true,"fade":true,"autoplay":true,"autoplay_speed":"8000","min_height_slider":"600px | 500px | 400px | 350px","border_arrow":"0px 0px 0px 0px","border_radius_arrow":"0px 0px 0px 0px","bg_arrow":"#000000","border_color_arrow":"#000000","color_arrow":"#000000","bg_arrow_hover":"#000000","border_color_arrow_hover":"#000000","color_arrow_hover":"#000000","border_dots":"0px 0px 0px 0px","border_radius_dots":"50%","bg_dots":"#000000","border_color_dots":"#000000","bg_dots_hover":"#000000","border_color_dots_hover":"#000000"}},"faq-template2":{"type":"faq-template2","blocks":{"691b1f60-2251-4d0b-b2cb-1a06c318b21b":{"type":"faq","settings":{"title":"When do I receive my order?","content":"<p>When placing the order, a day of shipment is indicated. After the order has been placed, the same delivery time will also be stated on the order confirmation. It is therefore never possible that during the order, the shipping day on the website, is different than on the order confirmation.<\/p>"}},"1bdb23bd-d8d1-4780-b5ef-1c30fab61f9b":{"type":"faq","settings":{"title":"I now see the longer delivery time of (a part of) my order. How can I cancel it?","content":"<p>If the order has a longer delivery time than you had previously seen, it is of course possible to cancel (a part of) the order. For this you can contact our customer service. They will cancel the order for you. The purchase amount will be back on your bank account within two working days. When an order has already been shipped, it can no longer be cancelled<\/p>"}},"b990e18e-1627-4cad-9112-703bf6175852":{"type":"faq","settings":{"title":"When will I receive the invoice for my order?","content":"<p>When you have paid for the order, you will not automatically receive an invoice for your order. If you wish to receive an invoice, this can be done in two ways.The first way is through your account at our store. When you log in to your account you can see your orders and download the invoice.<\/p>"}},"e337eeba-1ef5-4ca4-ba65-987889d5f1e2":{"type":"faq","settings":{"title":"How long will my order take to be delivered?","content":"<p>When you have paid for the order, you will not automatically receive an invoice for your order. If you wish to receive an invoice, this can be done in two ways.The first way is through your account at our store. When you log in to your account you can see your orders and download the invoice.<\/p>"}},"a093e3a6-3153-47ae-a48f-62a051913df6":{"type":"faq","settings":{"title":"Do I need to create an account to place an order?","content":"<p>When you have paid for the order, you will not automatically receive an invoice for your order. If you wish to receive an invoice, this can be done in two ways.The first way is through your account at our store. When you log in to your account you can see your orders and download the invoice.<\/p>"}},"09d82ae8-b720-49d7-aaf6-370d48d60e0f":{"type":"faq","settings":{"title":"Can I choose my currency I pay in?","content":"<p>When you have paid for the order, you will not automatically receive an invoice for your order. If you wish to receive an invoice, this can be done in two ways.The first way is through your account at our store. When you log in to your account you can see your orders and download the invoice.<\/p>"}}},"block_order":["691b1f60-2251-4d0b-b2cb-1a06c318b21b","1bdb23bd-d8d1-4780-b5ef-1c30fab61f9b","b990e18e-1627-4cad-9112-703bf6175852","e337eeba-1ef5-4ca4-ba65-987889d5f1e2","a093e3a6-3153-47ae-a48f-62a051913df6","09d82ae8-b720-49d7-aaf6-370d48d60e0f"],"settings":{"title":"Frequently Asked Questions."}},"header_2":{"type":"header_2","blocks":{"f80ffc8b-9a97-4cef-b30e-e051b20101cf":{"type":"megamenu","settings":{"title":"home","megamenu_name":"megamenu home","width":"full","width_custom":"","btn_viewall":false,"label_btn_viewall":"View All Demos (50+)","url_btn_viewall":"https:\/\/shopify.wpbingosite.com\/landing\/demati"}},"3b62090d-473f-4f50-b008-65ffaae1ab58":{"type":"megamenu-child","settings":{"title":"megamenu home","widget":"menu","menu_col":"20%","menu_heading":"","menu_link_list_child":"home-1","banner_title":"Home 1","banner_button":"","banner_link":"","collection_widget":"","blog_widget":""}},"762badab-7a63-4676-9d52-16c1a8e28fe6":{"type":"megamenu-child","settings":{"title":"megamenu home","widget":"menu","menu_col":"20%","menu_heading":"","menu_link_list_child":"","banner_title":"Home 2","banner_button":"","banner_link":"","collection_widget":"","blog_widget":""}},"e418296a-1b0e-4143-81dc-1b4f8f67fb76":{"type":"megamenu-child","settings":{"title":"megamenu home","widget":"menu","menu_col":"20%","menu_heading":"","menu_link_list_child":"","banner_title":"Home 3","banner_button":"","banner_link":"","collection_widget":"","blog_widget":""}},"3cc3627b-fd5d-4779-a467-e115f6993dce":{"type":"megamenu-child","settings":{"title":"megamenu home","widget":"menu","menu_col":"20%","menu_heading":"","menu_link_list_child":"","banner_title":"Home 4","banner_button":"","banner_link":"","collection_widget":"","blog_widget":""}},"6ade1ea7-3bd8-4a3c-8ae9-4cadc9b91100":{"type":"megamenu-child","settings":{"title":"megamenu home","widget":"menu","menu_col":"20%","menu_heading":"","menu_link_list_child":"","banner_title":"Home 5","banner_button":"","banner_link":"","collection_widget":"","blog_widget":""}},"0d4d3b2d-82a1-42bf-9045-3e3d9480ab71":{"type":"megamenu","settings":{"title":"shop","megamenu_name":"megamenu shop","width":"full","width_custom":"","btn_viewall":false,"label_btn_viewall":"View All Demos (50+)","url_btn_viewall":""}},"3d5f10fa-c1d5-410a-a6d7-49160407c176":{"type":"megamenu-child","settings":{"title":"megamenu shop","widget":"image","menu_col":"25%","menu_heading":"","menu_link_list_child":"","banner_title":"","banner_button":"New arrivals","banner_link":"","collection_widget":"","blog_widget":""}},"d61e9d95-5df9-48be-af94-87319915134c":{"type":"megamenu-child","settings":{"title":"megamenu shop","widget":"image","menu_col":"25%","menu_heading":"","menu_link_list_child":"","banner_title":"","banner_button":"Best Sellers","banner_link":"","collection_widget":"","blog_widget":""}},"fcfbc3d3-359f-4669-b33a-3e90845a7960":{"type":"megamenu-child","settings":{"title":"megamenu shop","widget":"menu","menu_col":"16.66%","menu_heading":"Layout","menu_link_list_child":"layout","banner_title":"","banner_button":"","banner_link":"","collection_widget":"","blog_widget":""}},"c7672c27-2e31-4ff4-8d31-4e07ba1ef8f0":{"type":"megamenu-child","settings":{"title":"megamenu shop","widget":"menu","menu_col":"16.66%","menu_heading":"Filter","menu_link_list_child":"filter","banner_title":"","banner_button":"","banner_link":"","collection_widget":"","blog_widget":""}},"3ca02e47-87a0-4287-9994-8bf993126e4a":{"type":"megamenu-child","settings":{"title":"megamenu shop","widget":"menu","menu_col":"16.66%","menu_heading":"Loader & Cart","menu_link_list_child":"loader-cart","banner_title":"","banner_button":"","banner_link":"","collection_widget":"","blog_widget":""}},"450f663d-820c-4444-848e-48de43ea93b1":{"type":"megamenu","settings":{"title":"product","megamenu_name":"megamenu product","width":"full","width_custom":"","btn_viewall":false,"label_btn_viewall":"View All Demos (50+)","url_btn_viewall":""}},"72a2806d-dc47-4f2f-a9b9-67f5a1b91278":{"type":"megamenu-child","settings":{"title":"megamenu product","widget":"menu","menu_col":"25%","menu_heading":"Product Layout","menu_link_list_child":"product-layout","banner_title":"","banner_button":"","banner_link":"","collection_widget":"","blog_widget":""}},"41a50d28-c44a-4409-92c5-608c8ad15e4e":{"type":"megamenu-child","settings":{"title":"megamenu product","widget":"menu","menu_col":"25%","menu_heading":"Featured","menu_link_list_child":"featured","banner_title":"","banner_button":"","banner_link":"","collection_widget":"","blog_widget":""}},"59b39f2a-920b-47b5-94d8-40161980447f":{"type":"megamenu-child","settings":{"title":"megamenu product","widget":"menu","menu_col":"25%","menu_heading":"Featured","menu_link_list_child":"featured-1","banner_title":"","banner_button":"","banner_link":"","collection_widget":"","blog_widget":""}},"ae2468b5-8a4e-45e4-8299-a1e2310d6546":{"type":"megamenu-child","settings":{"title":"megamenu product","widget":"menu","menu_col":"25%","menu_heading":"Product Card","menu_link_list_child":"product-card","banner_title":"","banner_button":"","banner_link":"","collection_widget":"","blog_widget":""}},"67477f2a-69d0-42d2-8d66-439e2ccc38b8":{"type":"megamenu","settings":{"title":"blog","megamenu_name":"megamenu blog","width":"custom","width_custom":"650px","btn_viewall":false,"label_btn_viewall":"View All Demos (50+)","url_btn_viewall":""}},"d53f1f9a-daef-4498-bb79-620b0604e6e0":{"type":"megamenu-child","settings":{"title":"megamenu blog","widget":"menu","menu_col":"50%","menu_heading":"Layout & Post","menu_link_list_child":"layout-post","banner_title":"","banner_button":"","banner_link":"","collection_widget":"","blog_widget":""}},"e74facba-9318-4139-840b-8e0905d42831":{"type":"megamenu-child","settings":{"title":"megamenu blog","widget":"blog","menu_col":"50%","menu_heading":"","menu_link_list_child":"","banner_title":"","banner_button":"","banner_link":"","collection_widget":"","blog_widget":"news"}},"f6d83b42-d0ab-42d5-b987-3b7fb1f8af96":{"type":"megamenu","settings":{"title":"featured","megamenu_name":"megamenu featured","width":"full","width_custom":"","btn_viewall":false,"label_btn_viewall":"View All Demos (50+)","url_btn_viewall":""}},"20031e38-2238-4ea6-adb6-5e477223e7df":{"type":"megamenu-child","settings":{"title":"megamenu featured","widget":"menu","menu_col":"20%","menu_heading":"Page","menu_link_list_child":"page","banner_title":"","banner_button":"","banner_link":"","collection_widget":"","blog_widget":""}},"b2930fa1-ef4c-4d31-b752-88ce46353c58":{"type":"megamenu-child","settings":{"title":"megamenu featured","widget":"menu","menu_col":"20%","menu_heading":"Portfolio","menu_link_list_child":"featured-portfolio","banner_title":"","banner_button":"","banner_link":"","collection_widget":"","blog_widget":""}},"01a741fa-4f55-44b9-9ad9-df7b48ee2711":{"type":"megamenu-child","settings":{"title":"megamenu featured","widget":"menu","menu_col":"20%","menu_heading":"Featured","menu_link_list_child":"featured-featured","banner_title":"","banner_button":"","banner_link":"","collection_widget":"","blog_widget":""}},"9f6851ae-832d-4263-ab1a-c3a87159e84b":{"type":"megamenu-child","settings":{"title":"megamenu featured","widget":"menu","menu_col":"20%","menu_heading":"Lookbook","menu_link_list_child":"featured-lookbook","banner_title":"","banner_button":"","banner_link":"","collection_widget":"","blog_widget":""}},"5d3d50b6-9bc4-4fb6-a088-4c9420717faa":{"type":"megamenu-child","settings":{"title":"megamenu featured","widget":"menu","menu_col":"20%","menu_heading":"Instagram Shop","menu_link_list_child":"featured-instagram-shop","banner_title":"","banner_button":"","banner_link":"","collection_widget":"","blog_widget":""}}},"block_order":["f80ffc8b-9a97-4cef-b30e-e051b20101cf","3b62090d-473f-4f50-b008-65ffaae1ab58","762badab-7a63-4676-9d52-16c1a8e28fe6","e418296a-1b0e-4143-81dc-1b4f8f67fb76","3cc3627b-fd5d-4779-a467-e115f6993dce","6ade1ea7-3bd8-4a3c-8ae9-4cadc9b91100","0d4d3b2d-82a1-42bf-9045-3e3d9480ab71","3d5f10fa-c1d5-410a-a6d7-49160407c176","d61e9d95-5df9-48be-af94-87319915134c","fcfbc3d3-359f-4669-b33a-3e90845a7960","c7672c27-2e31-4ff4-8d31-4e07ba1ef8f0","3ca02e47-87a0-4287-9994-8bf993126e4a","450f663d-820c-4444-848e-48de43ea93b1","72a2806d-dc47-4f2f-a9b9-67f5a1b91278","41a50d28-c44a-4409-92c5-608c8ad15e4e","59b39f2a-920b-47b5-94d8-40161980447f","ae2468b5-8a4e-45e4-8299-a1e2310d6546","67477f2a-69d0-42d2-8d66-439e2ccc38b8","d53f1f9a-daef-4498-bb79-620b0604e6e0","e74facba-9318-4139-840b-8e0905d42831","f6d83b42-d0ab-42d5-b987-3b7fb1f8af96","20031e38-2238-4ea6-adb6-5e477223e7df","b2930fa1-ef4c-4d31-b752-88ce46353c58","01a741fa-4f55-44b9-9ad9-df7b48ee2711","9f6851ae-832d-4263-ab1a-c3a87159e84b","5d3d50b6-9bc4-4fb6-a088-4c9420717faa"],"settings":{"padding":"20px 0","header_sticky":true,"header_absolute":false,"color_homepage_text":"#000000","padding_absolute":"65px 0 20px","logo":"shopify:\/\/shop_images\/logo.png","logo_homepage":"shopify:\/\/shop_images\/logo.png","logo_max_width":110,"show_header_search":true,"show_header_wishlist":true,"page_wishlist":"","show_header_user":true,"header_user_title":"Account","header_user_link_list":"","show_header_cart":true}},"header_3":{"type":"header_3","blocks":{"87e803fa-ecc1-4b32-b7c6-252f4dcc317e":{"type":"megamenu","settings":{"title":"home","megamenu_name":"megamenu home","width":"full","width_custom":"","btn_viewall":false,"label_btn_viewall":"View All Demos (50+)","url_btn_viewall":""}},"0dbba76f-7a2f-41cc-8ca2-ba2bd075616c":{"type":"megamenu-child","settings":{"title":"megamenu home","widget":"menu","menu_col":"20%","menu_heading":"","menu_link_list_child":"home-1","banner_title":"","banner_button":"","banner_link":"","collection_widget":"","blog_widget":""}},"6dfc5802-17aa-4ece-92bf-c767864293b4":{"type":"megamenu-child","settings":{"title":"megamenu home","widget":"menu","menu_col":"20%","menu_heading":"","menu_link_list_child":"home-2","banner_title":"","banner_button":"","banner_link":"","collection_widget":"","blog_widget":""}},"d3e32a9f-df06-4f47-8a9b-81042ef94755":{"type":"megamenu-child","settings":{"title":"megamenu home","widget":"menu","menu_col":"20%","menu_heading":"","menu_link_list_child":"","banner_title":"","banner_button":"","banner_link":"","collection_widget":"","blog_widget":""}},"3b5c0665-2924-455c-bc72-8a2538e1221d":{"type":"megamenu-child","settings":{"title":"megamenu home","widget":"menu","menu_col":"20%","menu_heading":"","menu_link_list_child":"","banner_title":"","banner_button":"","banner_link":"","collection_widget":"","blog_widget":""}},"90ca075d-3a3a-4b24-9056-100d70a916a1":{"type":"megamenu-child","settings":{"title":"megamenu home","widget":"menu","menu_col":"20%","menu_heading":"","menu_link_list_child":"","banner_title":"","banner_button":"","banner_link":"","collection_widget":"","blog_widget":""}},"379eb5ec-2709-47c8-a883-06159c12d9d0":{"type":"megamenu","settings":{"title":"shop","megamenu_name":"megamenu shop","width":"full","width_custom":"","btn_viewall":false,"label_btn_viewall":"View All Demos (50+)","url_btn_viewall":""}},"1b552676-bd9a-4253-8669-1bd4f5684091":{"type":"megamenu-child","settings":{"title":"megamenu shop","widget":"image","menu_col":"25%","menu_heading":"","menu_link_list_child":"","image":"shopify:\/\/shop_images\/Rectangle_1.jpg","banner_title":"NEW ARRIVALS","banner_button":"","banner_link":"","collection_widget":"","blog_widget":""}},"ae29cc0f-8017-4379-9023-c5c62d49b22b":{"type":"megamenu-child","settings":{"title":"megamenu shop","widget":"image","menu_col":"25%","menu_heading":"","menu_link_list_child":"","image":"shopify:\/\/shop_images\/Rectangle_2.jpg","banner_title":"BEST SELLERS","banner_button":"","banner_link":"","collection_widget":"","blog_widget":""}},"fb8509c7-9901-4757-b8ff-b7809a605512":{"type":"megamenu-child","settings":{"title":"megamenu shop","widget":"menu","menu_col":"16.66%","menu_heading":"LAYOUT","menu_link_list_child":"layout","banner_title":"","banner_button":"","banner_link":"","collection_widget":"","blog_widget":""}},"d9fa18e9-2d58-4b28-8eb2-c92bfcc03ece":{"type":"megamenu-child","settings":{"title":"megamenu shop","widget":"menu","menu_col":"16.66%","menu_heading":"FILTER","menu_link_list_child":"filter","banner_title":"","banner_button":"","banner_link":"","collection_widget":"","blog_widget":""}},"ca2f78cc-2e7a-4434-96db-044e61defbf0":{"type":"megamenu-child","settings":{"title":"megamenu shop","widget":"menu","menu_col":"16.66%","menu_heading":"LOADER & CART","menu_link_list_child":"loader-cart","banner_title":"","banner_button":"","banner_link":"","collection_widget":"","blog_widget":""}},"17e3588e-a936-40bd-b1da-7e053f67088b":{"type":"megamenu","settings":{"title":"product","megamenu_name":"megamenu product","width":"full","width_custom":"","btn_viewall":false,"label_btn_viewall":"View All Demos (50+)","url_btn_viewall":""}},"28e38949-05e9-4fef-a52d-91f5ea94e3ba":{"type":"megamenu-child","settings":{"title":"megamenu product","widget":"menu","menu_col":"25%","menu_heading":"PRODUCT LAYOUT","menu_link_list_child":"product-layout","banner_title":"","banner_button":"","banner_link":"","collection_widget":"","blog_widget":""}},"24999447-f515-4fd8-af67-ba3d23b99a20":{"type":"megamenu-child","settings":{"title":"megamenu product","widget":"menu","menu_col":"25%","menu_heading":"FRETURED","menu_link_list_child":"featured","banner_title":"","banner_button":"","banner_link":"","collection_widget":"","blog_widget":""}},"99b47292-29b8-44d4-9741-0268cfe04d4e":{"type":"megamenu-child","settings":{"title":"megamenu product","widget":"menu","menu_col":"25%","menu_heading":"FRETURED","menu_link_list_child":"featured-1","banner_title":"","banner_button":"","banner_link":"","collection_widget":"","blog_widget":""}},"0cda1783-b666-44c5-9834-5d23d8ea6d4b":{"type":"megamenu-child","settings":{"title":"megamenu product","widget":"menu","menu_col":"25%","menu_heading":"PRODUCT CARD","menu_link_list_child":"product-card","banner_title":"","banner_button":"","banner_link":"","collection_widget":"","blog_widget":""}},"6ed12b0f-e2ac-40c6-8588-71cbde255c24":{"type":"megamenu","settings":{"title":"blog","megamenu_name":"megamenu blog","width":"custom","width_custom":"650px","btn_viewall":false,"label_btn_viewall":"View All Demos (50+)","url_btn_viewall":""}},"d7a43ea1-e152-4c32-b790-2930960f7664":{"type":"megamenu-child","settings":{"title":"megamenu blog","widget":"menu","menu_col":"45%","menu_heading":"LAYOUT & POST","menu_link_list_child":"layout-post","banner_title":"","banner_button":"","banner_link":"","collection_widget":"","blog_widget":""}},"56eb8b26-5f0d-4fbd-9573-b31762fccb02":{"type":"megamenu-child","settings":{"title":"megamenu blog","widget":"blog","menu_col":"55%","menu_heading":"","menu_link_list_child":"","banner_title":"","banner_button":"","banner_link":"","collection_widget":"","blog_widget":"news"}},"dd12ba9f-6b72-4958-8a24-27908aed2d94":{"type":"megamenu","settings":{"title":"featured","megamenu_name":"megamenu featured","width":"full","width_custom":"","btn_viewall":false,"label_btn_viewall":"View All Demos (50+)","url_btn_viewall":""}},"f6344b39-523a-4bfb-bc0b-9fcfce8206bb":{"type":"megamenu-child","settings":{"title":"megamenu featured","widget":"menu","menu_col":"20%","menu_heading":"PAGE","menu_link_list_child":"page","banner_title":"","banner_button":"","banner_link":"","collection_widget":"","blog_widget":""}},"d46055a7-12db-461d-90c6-dd60fad5f9b6":{"type":"megamenu-child","settings":{"title":"megamenu featured","widget":"menu","menu_col":"20%","menu_heading":"PORTFOLIO","menu_link_list_child":"featured-portfolio","banner_title":"","banner_button":"","banner_link":"","collection_widget":"","blog_widget":""}},"c5e6e101-acaa-4500-879c-49f110fdc9d3":{"type":"megamenu-child","settings":{"title":"megamenu featured","widget":"menu","menu_col":"20%","menu_heading":"FEATURED","menu_link_list_child":"featured-featured","banner_title":"","banner_button":"","banner_link":"","collection_widget":"","blog_widget":""}},"44e5c369-cc51-406e-ab36-7b0e2d03a2da":{"type":"megamenu-child","settings":{"title":"megamenu featured","widget":"menu","menu_col":"20%","menu_heading":"LOOKBOOK","menu_link_list_child":"featured-lookbook","banner_title":"","banner_button":"","banner_link":"","collection_widget":"","blog_widget":""}},"acaed24b-5a4f-4bb0-87e2-6edc2a240b7e":{"type":"megamenu-child","settings":{"title":"megamenu featured","widget":"menu","menu_col":"20%","menu_heading":"INSTAGRAM SHOP","menu_link_list_child":"featured-instagram-shop","banner_title":"","banner_button":"","banner_link":"","collection_widget":"","blog_widget":""}}},"block_order":["87e803fa-ecc1-4b32-b7c6-252f4dcc317e","0dbba76f-7a2f-41cc-8ca2-ba2bd075616c","6dfc5802-17aa-4ece-92bf-c767864293b4","d3e32a9f-df06-4f47-8a9b-81042ef94755","3b5c0665-2924-455c-bc72-8a2538e1221d","90ca075d-3a3a-4b24-9056-100d70a916a1","379eb5ec-2709-47c8-a883-06159c12d9d0","1b552676-bd9a-4253-8669-1bd4f5684091","ae29cc0f-8017-4379-9023-c5c62d49b22b","fb8509c7-9901-4757-b8ff-b7809a605512","d9fa18e9-2d58-4b28-8eb2-c92bfcc03ece","ca2f78cc-2e7a-4434-96db-044e61defbf0","17e3588e-a936-40bd-b1da-7e053f67088b","28e38949-05e9-4fef-a52d-91f5ea94e3ba","24999447-f515-4fd8-af67-ba3d23b99a20","99b47292-29b8-44d4-9741-0268cfe04d4e","0cda1783-b666-44c5-9834-5d23d8ea6d4b","6ed12b0f-e2ac-40c6-8588-71cbde255c24","d7a43ea1-e152-4c32-b790-2930960f7664","56eb8b26-5f0d-4fbd-9573-b31762fccb02","dd12ba9f-6b72-4958-8a24-27908aed2d94","f6344b39-523a-4bfb-bc0b-9fcfce8206bb","d46055a7-12db-461d-90c6-dd60fad5f9b6","c5e6e101-acaa-4500-879c-49f110fdc9d3","44e5c369-cc51-406e-ab36-7b0e2d03a2da","acaed24b-5a4f-4bb0-87e2-6edc2a240b7e"],"settings":{"padding":"20px 0","header_sticky":true,"header_absolute":true,"color_homepage_text":"#ffffff","padding_absolute":"25px 0 30px","logo":"shopify:\/\/shop_images\/logo-white.png","logo_homepage":"shopify:\/\/shop_images\/logo-white.png","logo_max_width":60,"show_header_search":true,"header_search_title":"Search","show_header_wishlist":false,"page_wishlist":"","show_header_user":true,"header_user_title":"Account","header_user_link_list":"","show_header_cart":true,"header_cart_title":"Cart","content":"<p>Gyan Singh Market, Sector 22<br>\nNoida, UP 201301<\/p>\n<p>Call us now: +91-9871833367<\/p>\n<p>Email: demoeuma@gmail.com<\/p>","social":true}},"header_4":{"type":"header_4","settings":{"padding":"25px 0","header_sticky":true,"header_absolute":false,"color_homepage_text":"#ffffff","padding_absolute":"65px 0 20px","logo_max_width":110,"show_header_search":true,"show_header_wishlist":true,"page_wishlist":"","show_header_user":true,"header_user_title":"Account","header_user_link_list":"","show_header_cart":true}},"footer_1":{"type":"footer_1","blocks":{"85f17c83-3b67-4675-bc6e-490e3a5002ea":{"type":"menu","settings":{"title":"MY ACCOUNT","color":"#222222","font_size":16,"line_height":21,"letter_spacing":0,"font_weight":"400","margin":"0px 0px 25px 0px","footer_link_list":"footer-1","footer_width":25,"footer_width_ipad":50,"footer_width_mobi":100}},"a57f3b67-4a06-4b4f-8f5b-376b0dd3d500":{"type":"menu","settings":{"title":"HELP","color":"#222222","font_size":16,"line_height":21,"letter_spacing":0,"font_weight":"400","margin":"0px 0px 25px 0px","footer_link_list":"footer-2","footer_width":25,"footer_width_ipad":50,"footer_width_mobi":100}},"adc416c7-dd5a-478f-b57b-7b0b5194641d":{"type":"menu","settings":{"title":"FOLLOW US ON","color":"#222222","font_size":16,"line_height":21,"letter_spacing":0,"font_weight":"400","margin":"0px 0px 25px 0px","footer_link_list":"footer-3","footer_width":25,"footer_width_ipad":50,"footer_width_mobi":100}},"b2a4314e-a37e-49f1-9262-4a73c9d2656b":{"type":"contact","settings":{"title":"ABOUT US","color":"#222222","font_size":16,"line_height":21,"letter_spacing":0,"font_weight":"400","margin":"0px 0px 25px 0px","content":"<p>Lorem ipsum dolor sit amet, consectetur adipiscing \nelit. Duis vitae fringilla ante.<\/p><p>Email: <span>demo@gmail.com<\/span><\/p><p>Phone: <span>0987654321<\/span><\/p><p><span><\/span><\/p>","social":false,"footer_width":25,"footer_width_ipad":50,"footer_width_mobi":100}}},"block_order":["85f17c83-3b67-4675-bc6e-490e3a5002ea","a57f3b67-4a06-4b4f-8f5b-376b0dd3d500","adc416c7-dd5a-478f-b57b-7b0b5194641d","b2a4314e-a37e-49f1-9262-4a73c9d2656b"],"settings":{"padding":"93px 0 80px | | | 50px 0 0","bg_color":"rgba(0,0,0,0)","border":true,"border_width":"0px 0px 1px 0px","border_color":"#dddddd","accordion":true}},"cf1b0a34-64b8-4b85-bf4c-b3d39c464a1c":{"type":"featured-collections-title","blocks":{"cf1b0a34-64b8-4b85-bf4c-b3d39c464a1c-167392645645f61861-0":{"type":"collection","settings":{"collection":"dresses"}},"cf1b0a34-64b8-4b85-bf4c-b3d39c464a1c-167392645645f61861-1":{"type":"collection","settings":{"collection":"knitwear"}},"cf1b0a34-64b8-4b85-bf4c-b3d39c464a1c-167392645645f61861-2":{"type":"collection","settings":{"collection":"men"}},"cf1b0a34-64b8-4b85-bf4c-b3d39c464a1c-167392645645f61861-3":{"type":"collection","settings":{"collection":"shoes"}},"cf1b0a34-64b8-4b85-bf4c-b3d39c464a1c-167392645645f61861-4":{"type":"collection","settings":{"collection":"sweatshirts"}},"01e72ae9-d0fb-4f95-ab00-a286342c9d87":{"type":"collection","settings":{"collection":"t-shirts"}},"cf1b0a34-64b8-4b85-bf4c-b3d39c464a1c-167392645645f61861-5":{"type":"css","settings":{"color":"#000000","color_hover":"#7f4227","font_size":16,"line_height":22,"letter_spacing":0,"font_weight":"500","text_transform":"uppercase","color_mobi":"#000000","color_hover_mobi":"#7f4227","font_size_mobi":16,"line_height_mobi":22,"letter_spacing_mobi":0,"font_weight_mobi":"500"}}},"block_order":["cf1b0a34-64b8-4b85-bf4c-b3d39c464a1c-167392645645f61861-0","cf1b0a34-64b8-4b85-bf4c-b3d39c464a1c-167392645645f61861-1","cf1b0a34-64b8-4b85-bf4c-b3d39c464a1c-167392645645f61861-2","cf1b0a34-64b8-4b85-bf4c-b3d39c464a1c-167392645645f61861-3","cf1b0a34-64b8-4b85-bf4c-b3d39c464a1c-167392645645f61861-4","01e72ae9-d0fb-4f95-ab00-a286342c9d87","cf1b0a34-64b8-4b85-bf4c-b3d39c464a1c-167392645645f61861-5"],"settings":{"max_width":"990px","fullwidth":false,"padding":"","margin":"50px 0","navigation":true,"infinite":true,"autoplay":false,"autoplay_speed":"10000","columns":6,"column1440":6,"column1":6,"column2":4,"column3":2,"column4":2}},"c60908f5-6541-4e62-9baa-4215f4dba30d":{"type":"featured-banner","blocks":{"c60908f5-6541-4e62-9baa-4215f4dba30d-1673926456af66e826-0":{"type":"image","settings":{"title":"banner-1","image":"shopify:\/\/shop_images\/1.jpg","content_position":"absolute","vertical_position":"bottom","horizontal_position":"left","text_align":"left","padding_content":"0 0 40px","padding_image":"0 30px | 0 7.5px | | 0 7.5px 15px","width_image":"33.33% | | | 100%"}},"6016f0ed-a552-4641-b551-0f2c876dc053":{"type":"title","settings":{"banner_name":"banner-1","title":"SALE UP TO 60%","font":"","color":"#000000","font_size":18,"line_height":25,"letter_spacing":0,"font_weight":"500","margin":"0px 0px 0px 0px","color_mobi":"#000000","font_size_mobi":14,"line_height_mobi":18,"letter_spacing_mobi":0,"margin_mobi":"0px 0px 0px 0px"}},"c60908f5-6541-4e62-9baa-4215f4dba30d-1673926456af66e826-1":{"type":"image","settings":{"title":"banner-2","image":"shopify:\/\/shop_images\/2.jpg","content_position":"absolute","vertical_position":"bottom","horizontal_position":"left","text_align":"left","padding_content":"0 0 40px","padding_image":"0 30px | 0 7.5px | | 0 7.5px 15px","width_image":"33.33% | | | 100%"}},"6636a53a-cab0-4724-9956-c7abe157ccaa":{"type":"title","settings":{"banner_name":"banner-2","title":"FOR SPRING 2023","font":"","color":"#000000","font_size":18,"line_height":25,"letter_spacing":0,"font_weight":"500","margin":"0px 0px 0px 0px","color_mobi":"#000000","font_size_mobi":14,"line_height_mobi":18,"letter_spacing_mobi":0,"margin_mobi":"0px 0px 0px 0px"}},"c60908f5-6541-4e62-9baa-4215f4dba30d-1673926456af66e826-2":{"type":"image","settings":{"title":"banner-3","image":"shopify:\/\/shop_images\/3.jpg","content_position":"absolute","vertical_position":"bottom","horizontal_position":"left","text_align":"left","padding_content":"0 0 40px","padding_image":"0 30px | 0 7.5px","width_image":"33.33% | | | 100%"}},"fd0305be-c672-4150-b604-335b0eaffef2":{"type":"title","settings":{"banner_name":"banner-3","title":"BEST COLLECTION","font":"","color":"#000000","font_size":18,"line_height":25,"letter_spacing":0,"font_weight":"500","margin":"0px 0px 0px 0px","color_mobi":"#000000","font_size_mobi":14,"line_height_mobi":18,"letter_spacing_mobi":0,"margin_mobi":"0px 0px 0px 0px"}}},"block_order":["c60908f5-6541-4e62-9baa-4215f4dba30d-1673926456af66e826-0","6016f0ed-a552-4641-b551-0f2c876dc053","c60908f5-6541-4e62-9baa-4215f4dba30d-1673926456af66e826-1","6636a53a-cab0-4724-9956-c7abe157ccaa","c60908f5-6541-4e62-9baa-4215f4dba30d-1673926456af66e826-2","fd0305be-c672-4150-b604-335b0eaffef2"],"settings":{"show":true,"max_width":"1470px","fullwidth":false,"padding":"0 | 0 7.5px","margin":"0 0 60px","effect":"none"}},"bcd20e94-3e6e-46fd-82a3-be97bd948480":{"type":"featured-title-button","blocks":{"583c2ab5-3b4c-420d-8c48-5140276e6e5b":{"type":"button","settings":{"title":"SHOP NOW","icon_title":"","font_icon":14,"margin_icon":0,"button_link":"shopify:\/\/collections\/all","border":true,"border_radius":"0px 0px 0px 0px","border_width":1,"color":"#1f2021","background":"#ffffff","border_color":"#e9e9e9","color_hover":"#ffffff","background_hover":"#7f4227","border_color_hover":"#7f4227","font_size":14,"line_height":20,"letter_spacing":0,"font_weight":"500","padding":"20px 60px 20px 60px","margin":"0px 0px 0px 0px","align":"center","width":100,"font_size_mobi":14,"font_icon_mobi":15,"margin_icon_mobi":0,"line_height_mobi":20,"letter_spacing_mobi":0,"border_mobi":false,"border_radius_mobi":"0px 0px 0px 0px","border_width_mobi":0,"color_mobi":"#000000","background_mobi":"#ffffff","border_color_mobi":"#e9e9e9","color_hover_mobi":"#ffffff","background_hover_mobi":"#7f4227","border_color_hover_mobi":"#7f4227","padding_mobi":"10px 30px 10px 30px","margin_mobi":"0px 0px 0px 0px","align_mobi":"center","width_mobi":100}}},"block_order":["583c2ab5-3b4c-420d-8c48-5140276e6e5b"],"settings":{"max_width":"","fullwidth":false,"padding":"","margin":"0 0 120px"}},"d7042afd-688c-4ecb-a00c-8b015ad16957":{"type":"featured-video","blocks":{"62cb8696-20dc-4d57-8abd-53b997f44c11":{"type":"title","settings":{"title":"NEW COLLECTION","font":"","color":"#666666","font_size":14,"line_height":14,"letter_spacing":5,"font_weight":"400","margin":"0px 0px 15px 0px","align":"left","color_mobi":"#000000","font_size_mobi":14,"line_height_mobi":14,"letter_spacing_mobi":2,"margin_mobi":"0px 0px 15px 0px","align_mobi":"left"}},"6cb7b57c-0a7d-435f-abda-e1fb4dfd73be":{"type":"title","settings":{"title":"SALE UP TO 50% OFF","font":"","color":"#000000","font_size":35,"line_height":35,"letter_spacing":0,"font_weight":"500","margin":"0px 0px 20px 0px","align":"left","color_mobi":"#000000","font_size_mobi":25,"line_height_mobi":25,"letter_spacing_mobi":0,"margin_mobi":"0px 0px 20px 0px","align_mobi":"left"}},"1a30ab34-cb41-4545-b76a-2b0e7c400215":{"type":"title","settings":{"title":"Fusce blandit, leo eu pellentesque convallis, velit neque porttitor dui, a tristique ipsum lacus \nut leo. Integer congue risus ac tristique porttitor. In erat justo, luctus mattis vestibulum sed, \nrhoncus et justo.","font":"","color":"#666666","font_size":14,"line_height":28,"letter_spacing":0,"font_weight":"400","margin":"0px 0px 35px 0px","align":"left","color_mobi":"#666666","font_size_mobi":14,"line_height_mobi":28,"letter_spacing_mobi":0,"margin_mobi":"0px 0px 30px 0px","align_mobi":"left"}},"0cc459a2-bd6c-416f-bfeb-432c041dc3a2":{"type":"button","settings":{"title":"SHOP NOW","button_link":"","border":true,"border_radius":"0px 0px 0px 0px","border_width":1,"color":"#1f2021","background":"#ffffff","border_color":"#e9e9e9","color_hover":"#ffffff","background_hover":"#7f4227","border_color_hover":"#7f4227","font_size":14,"line_height":20,"letter_spacing":0,"font_weight":"500","padding":"20px 60px 20px 60px","margin":"0px 0px 0px 0px","align":"left","font_size_mobi":14,"line_height_mobi":20,"letter_spacing_mobi":0,"border_mobi":true,"border_radius_mobi":"0px 0px 0px 0px","border_width_mobi":1,"color_mobi":"#000000","background_mobi":"#ffffff","border_color_mobi":"#e9e9e9","color_hover_mobi":"#ffffff","background_hover_mobi":"#7f4227","border_color_hover_mobi":"#7f4227","padding_mobi":"10px 30px 10px 30px","margin_mobi":"0px 0px 0px 0px","align_mobi":"left"}}},"block_order":["62cb8696-20dc-4d57-8abd-53b997f44c11","6cb7b57c-0a7d-435f-abda-e1fb4dfd73be","1a30ab34-cb41-4545-b76a-2b0e7c400215","0cc459a2-bd6c-416f-bfeb-432c041dc3a2"],"settings":{"max_width":"","fullwidth":false,"padding":"0 | 0 7.5px","margin":"0 0 110px","image":"shopify:\/\/shop_images\/4.jpg","video_url":""}},"de83fde5-00e2-410a-86b8-60c0189c5002":{"type":"featured-title-button","blocks":{"de83fde5-00e2-410a-86b8-60c0189c5002-16739264560557604a-0":{"type":"title","settings":{"title":"BEST SELLER","font":"","color":"#000000","font_size":30,"line_height":35,"letter_spacing":0,"font_weight":"500","margin":"0px 0px 0px 0px","align":"left","width":50,"color_mobi":"#000000","font_size_mobi":25,"line_height_mobi":25,"letter_spacing_mobi":0,"margin_mobi":"0px 0px 10px 0px","align_mobi":"left","width_mobi":100}},"1a96e3b6-9a2e-4afe-9a0d-cf8eafaed08c":{"type":"button","settings":{"title":"VIEW ALL","icon_title":"icon-right","font_icon":22,"margin_icon":3,"button_link":"shopify:\/\/collections\/all","border":false,"border_radius":"0px 0px 0px 0px","border_width":0,"color":"#000000","background":"rgba(0,0,0,0)","border_color":"#ffffff","color_hover":"#7f4227","background_hover":"rgba(0,0,0,0)","border_color_hover":"#ffffff","font_size":14,"line_height":20,"letter_spacing":0,"font_weight":"500","padding":"0","margin":"0px 0px 0px 0px","align":"right","width":50,"font_size_mobi":14,"font_icon_mobi":20,"margin_icon_mobi":3,"line_height_mobi":20,"letter_spacing_mobi":0,"border_mobi":false,"border_radius_mobi":"0px 0px 0px 0px","border_width_mobi":0,"color_mobi":"#000000","background_mobi":"rgba(0,0,0,0)","border_color_mobi":"#ffffff","color_hover_mobi":"#7f4227","background_hover_mobi":"rgba(0,0,0,0)","border_color_hover_mobi":"#ffffff","padding_mobi":"0","margin_mobi":"0px 0px 0px 0px","align_mobi":"left","width_mobi":100}}},"block_order":["de83fde5-00e2-410a-86b8-60c0189c5002-16739264560557604a-0","1a96e3b6-9a2e-4afe-9a0d-cf8eafaed08c"],"settings":{"max_width":"","fullwidth":false,"padding":"","margin":"0 0 35px"}},"455012d5-ee6b-440c-9ced-e9319af90271":{"type":"featured-products","settings":{"max_width":"","fullwidth":false,"padding":"","margin":"0 0 90px","title":"","featured_products":"all-products","limit":8,"button":"","button_url":"","navigation":true,"infinite":true,"autoplay":false,"half_slider":true,"autoplay_speed":"10000","columns":4,"column1440":4,"column1":3,"column2":2,"column3":1,"column4":1}},"cc18fe7b-de3b-4c3c-859d-bbc274ae17d4":{"type":"featured-line","settings":{"max_width":"","fullwidth":false,"padding":"","margin":"0 0 110px","height":1,"background":"#e9e9e9"}},"a60121f5-3d93-4f1a-9b39-cd4f3546657c":{"type":"featured-title-button","blocks":{"a60121f5-3d93-4f1a-9b39-cd4f3546657c-16739264560557604a-0":{"type":"title","settings":{"title":"“Integer sagittis diam nulla, sed commodo felis egestas in. Etiam lobortis, \ndui ac rhoncus porttitor, nulla sapien consectetur lectus, a dapibus leo neque non sapien.\nMaecenas eu odio eget enim suscipit aliquam.”","font":"","color":"#000000","font_size":30,"line_height":35,"letter_spacing":0,"font_weight":"500","margin":"0px 0px 40px 0px","align":"center","width":100,"color_mobi":"#000000","font_size_mobi":20,"line_height_mobi":30,"letter_spacing_mobi":0,"margin_mobi":"0px 0px 40px 0px","align_mobi":"left","width_mobi":100}},"9e8b0cdf-314a-4788-8f4a-17f1289b0517":{"type":"title","settings":{"title":"ROSHI NARUTO","font":"","color":"#000000","font_size":14,"line_height":18,"letter_spacing":0,"font_weight":"400","margin":"0px 0px 0px 0px","align":"center","width":100,"color_mobi":"#000000","font_size_mobi":14,"line_height_mobi":18,"letter_spacing_mobi":0,"margin_mobi":"0px 0px 0px 0px","align_mobi":"left","width_mobi":100}}},"block_order":["a60121f5-3d93-4f1a-9b39-cd4f3546657c-16739264560557604a-0","9e8b0cdf-314a-4788-8f4a-17f1289b0517"],"settings":{"max_width":"1200px","fullwidth":false,"padding":"","margin":"0 0 110px"}},"95768ae2-4f1e-4dd7-b784-6a7d9629092c":{"type":"featured-three-banner","blocks":{"ad8482d7-cd3e-4a18-9a97-4d8a97b5b94a":{"type":"css","settings":{"bg_content":"#f8f5f4","color_title":"#000000","font_size_title":16,"line_height_title":22,"letter_spacing_title":0,"font_weight_title":"500","margin_title":"0px 0px 20px 0px","color_desc":"#000000","font_size_desc":16,"line_height_desc":20,"margin_desc":"0px 0px 30px 0px","border":true,"border_width":1,"bg_button":"","color_button":"#000000","border_color_button":"#dddddd","bg_hover_button":"#7f4227","color_hover_button":"#ffffff","border_color_hover_button":"#7f4227","border_radius":"0px 0px 0px 0px","font_size_button":14,"line_height_button":20,"letter_spacing_button":0,"font_weight_button":"500","padding_button":"20px 60px 20px 60px","font_size_title_mobi":16,"line_height_title_mobi":22,"margin_title_mobi":"0px 0px 10px 0px","font_size_desc_mobi":14,"line_height_desc_mobi":20,"margin_desc_mobi":"0px 0px 30px 0px","border_radius_mobi":"0px 0px 0px 0px","border_width_mobi":1,"font_size_button_mobi":14,"line_height_button_mobi":20,"padding_button_mobi":"10px 30px 10px 30px"}}},"block_order":["ad8482d7-cd3e-4a18-9a97-4d8a97b5b94a"],"settings":{"max_width":"","fullwidth":true,"padding":"","margin":"0 0 110px","image1":"shopify:\/\/shop_images\/5.jpg","title1":"SUMMER COLLECTION","desc1":"Sed ullamcorper nunc nisl, sit amet lacinia leo cursus et. Ut augue libero, fringilla sed justo a, accumsan.","button1":"SHOP NOW","url1":"\/","image2":"shopify:\/\/shop_images\/6.jpg","image3":"shopify:\/\/shop_images\/7.jpg","title3":"SPRING COLLECTION","desc3":"Sed ullamcorper nunc nisl, sit amet lacinia leo cursus et. Ut augue libero, fringilla sed justo a, accumsan.","button3":"SHOP NOW","url3":"\/","effect":"none"}},"e6fd618b-c096-478d-9d40-ac97b974f985":{"type":"featured-title-button","blocks":{"e6fd618b-c096-478d-9d40-ac97b974f985-16739264560557604a-0":{"type":"title","settings":{"title":"ON SALE!","font":"","color":"#000000","font_size":30,"line_height":35,"letter_spacing":0,"font_weight":"500","margin":"0px 0px 0px 0px","align":"left","width":50,"color_mobi":"#000000","font_size_mobi":25,"line_height_mobi":25,"letter_spacing_mobi":0,"margin_mobi":"0px 0px 10px 0px","align_mobi":"left","width_mobi":100}},"47242142-89bd-48d7-8298-fa02f9f2f147":{"type":"button","settings":{"title":"VIEW ALL","icon_title":"icon-right","font_icon":22,"margin_icon":3,"button_link":"shopify:\/\/collections\/all","border":false,"border_radius":"0px 0px 0px 0px","border_width":0,"color":"#1f2021","background":"rgba(0,0,0,0)","border_color":"#ffffff","color_hover":"#7f4227","background_hover":"rgba(0,0,0,0)","border_color_hover":"#ffffff","font_size":14,"line_height":20,"letter_spacing":0,"font_weight":"500","padding":"0","margin":"0px 0px 0px 0px","align":"right","width":50,"font_size_mobi":14,"font_icon_mobi":20,"margin_icon_mobi":3,"line_height_mobi":20,"letter_spacing_mobi":0,"border_mobi":false,"border_radius_mobi":"0px 0px 0px 0px","border_width_mobi":0,"color_mobi":"#000000","background_mobi":"rgba(0,0,0,0)","border_color_mobi":"#ffffff","color_hover_mobi":"#7f4227","background_hover_mobi":"rgba(0,0,0,0)","border_color_hover_mobi":"#ffffff","padding_mobi":"0","margin_mobi":"0px 0px 0px 0px","align_mobi":"left","width_mobi":100}}},"block_order":["e6fd618b-c096-478d-9d40-ac97b974f985-16739264560557604a-0","47242142-89bd-48d7-8298-fa02f9f2f147"],"settings":{"max_width":"","fullwidth":false,"padding":"","margin":"0 0 35px"}},"833d37db-a354-45f7-bd8b-906bd06dfa3a":{"type":"featured-products","settings":{"max_width":"","fullwidth":false,"padding":"","margin":"0 0 90px","title":"","featured_products":"on-sale","limit":8,"button":"","button_url":"","navigation":true,"infinite":true,"autoplay":false,"half_slider":true,"autoplay_speed":"10000","columns":4,"column1440":4,"column1":3,"column2":2,"column3":2,"column4":1}},"8f84a75b-77c1-42eb-b612-01bdf79f801b":{"type":"featured-single-banner","blocks":{"8f84a75b-77c1-42eb-b612-01bdf79f801b-1673930257e36b0b56-0":{"type":"title","settings":{"title":"BAGS COLLECTION","color":"#666666","font_size":14,"line_height":14,"letter_spacing":5,"font_weight":"400","margin":"0px 0px 15px 0px","align":"left","color_mobi":"#666666","font_size_mobi":14,"line_height_mobi":14,"letter_spacing_mobi":2,"margin_mobi":"0px 0px 15px 0px","align_mobi":"left"}},"8f84a75b-77c1-42eb-b612-01bdf79f801b-1673930257e36b0b56-1":{"type":"title","settings":{"title":"Quisque ut leo vel nisl posuere lobortis. Praesent \nimperdiet nibh at velit elementum, at imperdiet\nligula tempus.","color":"#000000","font_size":25,"line_height":35,"letter_spacing":0,"font_weight":"500","margin":"0px 0px 40px 0px","align":"left","color_mobi":"#000000","font_size_mobi":20,"line_height_mobi":30,"letter_spacing_mobi":0,"margin_mobi":"0px 0px 30px 0px","align_mobi":"left"}},"8f84a75b-77c1-42eb-b612-01bdf79f801b-1673930257e36b0b56-2":{"type":"button","settings":{"title":"READ MORE","button_link":"","border":true,"border_radius":"0px 0px 0px 0px","border_width":1,"color":"#000000","background":"#ffffff","border_color":"#e9e9e9","color_hover":"#ffffff","background_hover":"#7f4227","border_color_hover":"#7f4227","font_size":14,"line_height":20,"letter_spacing":0,"font_weight":"500","padding":"20px 60px 20px 60px","margin":"0px 0px 0px 0px","align":"left","font_size_mobi":14,"line_height_mobi":20,"letter_spacing_mobi":0,"border_mobi":false,"border_radius_mobi":"0px 0px 0px 0px","border_width_mobi":0,"color_mobi":"#000000","background_mobi":"rgba(0,0,0,0)","border_color_mobi":"#e9e9e9","color_hover_mobi":"#ffffff","background_hover_mobi":"#7f4227","border_color_hover_mobi":"#7f4227","padding_mobi":"10px 30px 10px 30px","margin_mobi":"0px 0px 0px 0px","align_mobi":"left"}}},"block_order":["8f84a75b-77c1-42eb-b612-01bdf79f801b-1673930257e36b0b56-0","8f84a75b-77c1-42eb-b612-01bdf79f801b-1673930257e36b0b56-1","8f84a75b-77c1-42eb-b612-01bdf79f801b-1673930257e36b0b56-2"],"settings":{"max_width":"","fullwidth":false,"padding":"0 | 0 7.5px","margin":"0 0 120px","image":"shopify:\/\/shop_images\/8.jpg","effect":"effect-three"}},"cf3c4d38-78cf-4cd3-9a6b-cbb8eb497bd8":{"type":"featured-line","settings":{"max_width":"","fullwidth":false,"padding":"","margin":"0 0 40px","height":1,"background":"#e9e9e9"}},"cb3ba312-d29a-4a65-aa91-296e0ba70030":{"type":"featured-brands","blocks":{"cb3ba312-d29a-4a65-aa91-296e0ba70030-1673930405460a4428-0":{"type":"brand","settings":{"image":"shopify:\/\/shop_images\/1.png","name":"Brand","url":"shopify:\/\/collections\/all"}},"cb3ba312-d29a-4a65-aa91-296e0ba70030-1673930405460a4428-1":{"type":"brand","settings":{"image":"shopify:\/\/shop_images\/2.png","name":"Brand","url":"shopify:\/\/collections\/all"}},"cb3ba312-d29a-4a65-aa91-296e0ba70030-1673930405460a4428-2":{"type":"brand","settings":{"image":"shopify:\/\/shop_images\/3.png","name":"Brand","url":"shopify:\/\/collections\/all"}},"cb3ba312-d29a-4a65-aa91-296e0ba70030-1673930405460a4428-3":{"type":"brand","settings":{"image":"shopify:\/\/shop_images\/4.png","name":"Brand","url":"shopify:\/\/collections\/all"}},"cb3ba312-d29a-4a65-aa91-296e0ba70030-1673930405460a4428-4":{"type":"brand","settings":{"image":"shopify:\/\/shop_images\/5.png","name":"Brand","url":"shopify:\/\/collections\/all"}}},"block_order":["cb3ba312-d29a-4a65-aa91-296e0ba70030-1673930405460a4428-0","cb3ba312-d29a-4a65-aa91-296e0ba70030-1673930405460a4428-1","cb3ba312-d29a-4a65-aa91-296e0ba70030-1673930405460a4428-2","cb3ba312-d29a-4a65-aa91-296e0ba70030-1673930405460a4428-3","cb3ba312-d29a-4a65-aa91-296e0ba70030-1673930405460a4428-4"],"settings":{"show":true,"max_width":"","fullwidth":false,"padding":"","margin":"0 0 40px","title":"","navigation":true,"infinite":true,"autoplay":false,"autoplay_speed":"10000","columns":5,"column1440":5,"column1":4,"column2":3,"column3":2,"column4":2}},"bccf919c-929e-43b6-9577-1510fb31e9d9":{"type":"featured-instagram-shop","blocks":{"bccf919c-929e-43b6-9577-1510fb31e9d9-1673930462ae07b6b5-0":{"type":"image","settings":{"name":"look-1","image":"shopify:\/\/shop_images\/1_5993ac0b-2ecf-4bcd-8b8a-c2106a2a8868.jpg","url_lookbook":"#"}},"bfc0a4aa-1cd2-4a8b-8af5-7511dccadded":{"type":"item","settings":{"name_pin":"look-1","product":"floral-print-mini-dress","display":"top-right","top":61,"left":42}},"bccf919c-929e-43b6-9577-1510fb31e9d9-1673930462ae07b6b5-1":{"type":"image","settings":{"name":"look-2","image":"shopify:\/\/shop_images\/2_7ae08f32-5ffe-458c-8fed-7c0280758e46.jpg","url_lookbook":"#"}},"540f4e69-2704-4c6a-bfed-3c2dd329759d":{"type":"item","settings":{"name_pin":"look-2","product":"short-shoulder-bag-black","display":"top-right","top":50,"left":50}},"bccf919c-929e-43b6-9577-1510fb31e9d9-1673930462ae07b6b5-2":{"type":"image","settings":{"name":"","image":"shopify:\/\/shop_images\/3_dbc32329-e2d7-4449-889f-579444323b98.jpg","url_lookbook":"#"}},"bccf919c-929e-43b6-9577-1510fb31e9d9-1673930462ae07b6b5-3":{"type":"image","settings":{"name":"look-3","image":"shopify:\/\/shop_images\/4_7106ab35-4b73-4495-beb1-c35e4bcc8871.jpg","url_lookbook":"#"}},"affa65e3-caf2-490b-976d-b290835ec5b6":{"type":"item","settings":{"name_pin":"look-3","product":"wool-coat-for-women","display":"center-top","top":65,"left":50}},"bccf919c-929e-43b6-9577-1510fb31e9d9-1673930462ae07b6b5-4":{"type":"image","settings":{"name":"","image":"shopify:\/\/shop_images\/5_c0f71094-6c2b-4098-922f-8631193ee8fc.jpg","url_lookbook":"#"}},"bccf919c-929e-43b6-9577-1510fb31e9d9-1673930462ae07b6b5-5":{"type":"image","settings":{"name":"","image":"shopify:\/\/shop_images\/6_54d02926-6140-4e4b-975f-587cd4425b70.jpg","url_lookbook":"#"}}},"block_order":["bccf919c-929e-43b6-9577-1510fb31e9d9-1673930462ae07b6b5-0","bfc0a4aa-1cd2-4a8b-8af5-7511dccadded","bccf919c-929e-43b6-9577-1510fb31e9d9-1673930462ae07b6b5-1","540f4e69-2704-4c6a-bfed-3c2dd329759d","bccf919c-929e-43b6-9577-1510fb31e9d9-1673930462ae07b6b5-2","bccf919c-929e-43b6-9577-1510fb31e9d9-1673930462ae07b6b5-3","affa65e3-caf2-490b-976d-b290835ec5b6","bccf919c-929e-43b6-9577-1510fb31e9d9-1673930462ae07b6b5-4","bccf919c-929e-43b6-9577-1510fb31e9d9-1673930462ae07b6b5-5"],"settings":{"max_width":"","fullwidth":true,"padding":"","margin":"","margin_content":"0","padding_item":"0","margin_item":"0","navigation":true,"pagination":false,"infinite":true,"autoplay":false,"autoplay_speed":"10000","rows":1,"columns":6,"column1440":5,"column1":4,"column2":3,"column3":2,"column4":2}},"40d1275f-8a55-47d5-a20a-051653bab77c":{"type":"featured-testimonials","blocks":{"40d1275f-8a55-47d5-a20a-051653bab77c-1675647877e230ab4a-0":{"type":"testimonial","settings":{"show_image":false,"show_name":true,"name":"John Doe","show_title":false,"title":"Heading","show_review":true,"review":"“Integer sagittis diam nulla, sed commodo felis egestas in. Etiam lobortis, \ndui ac rhoncus porttitor, nulla sapien consectetur lectus, a dapibus leo neque non sapien.\nMaecenas eu odio eget enim suscipit aliquam.”","show_rating":false,"rating":"5"}},"40d1275f-8a55-47d5-a20a-051653bab77c-1675647877e230ab4a-1":{"type":"testimonial","settings":{"show_image":false,"show_name":true,"name":"John Doe","show_title":false,"title":"Heading","show_review":true,"review":"“Integer sagittis diam nulla, sed commodo felis egestas in. Etiam lobortis, \ndui ac rhoncus porttitor, nulla sapien consectetur lectus, a dapibus leo neque non sapien.\nMaecenas eu odio eget enim suscipit aliquam.”","show_rating":false,"rating":"5"}},"40d1275f-8a55-47d5-a20a-051653bab77c-1675647877e230ab4a-2":{"type":"testimonial","settings":{"show_image":false,"show_name":true,"name":"John Doe","show_title":false,"title":"Heading","show_review":true,"review":"“Integer sagittis diam nulla, sed commodo felis egestas in. Etiam lobortis, \ndui ac rhoncus porttitor, nulla sapien consectetur lectus, a dapibus leo neque non sapien.\nMaecenas eu odio eget enim suscipit aliquam.”","show_rating":false,"rating":"5"}},"40d1275f-8a55-47d5-a20a-051653bab77c-1675647877e230ab4a-3":{"type":"css","settings":{"text_align":"center","color_review":"#000","font_size_review":30,"line_height_review":30,"font_weight_review":"500","margin_review":"0px 0px 0px 0px","color_title":"#000","font_size_title":16,"line_height_title":22,"font_weight_title":"500","letter_spacing_title":0,"color_name":"#000","font_size_name":14,"line_height_name":22,"font_weight_name":"500","letter_spacing_name":0,"width_avatar":80,"font_size_review_mobi":16,"line_height_review_mobi":22,"font_size_title_mobi":16,"line_height_title_mobi":22,"font_size_name_mobi":14,"line_height_name_mobi":22,"width_avatar_mobi":80}}},"block_order":["40d1275f-8a55-47d5-a20a-051653bab77c-1675647877e230ab4a-0","40d1275f-8a55-47d5-a20a-051653bab77c-1675647877e230ab4a-1","40d1275f-8a55-47d5-a20a-051653bab77c-1675647877e230ab4a-2","40d1275f-8a55-47d5-a20a-051653bab77c-1675647877e230ab4a-3"],"settings":{"background":"","max_width":"","fullwidth":false,"padding":"","margin":"","navigation":true,"infinite":true,"autoplay":false,"autoplay_speed":"10000","columns":1,"column1440":1,"column1":1,"column2":1,"column3":1,"column4":1}},"footer_2":{"type":"footer_2","blocks":{"7f8f3a35-1d6a-4420-a247-c7e6b5f08465":{"type":"contact","settings":{"logo":"shopify:\/\/shop_images\/logo-white.png","width_logo":60,"margin":"0px 0px 20px 0px","content":"<p>+866.597.2742<\/p><p>support@mafoilcom<\/p>","color_content":"#ffffff","social":false,"color_social":"#000000","footer_width":20,"footer_width_ipad":50,"footer_width_mobi":100}},"de842627-6663-4fd5-a2e4-f6d1bc745b61":{"type":"menu","settings":{"title":"MY ACCOUNT","color":"#ffffff","font_size":16,"line_height":24,"letter_spacing":0,"font_weight":"400","margin":"0px 0px 25px 0px","footer_link_list":"footer-1","footer_width":20,"footer_width_ipad":50,"footer_width_mobi":100}},"914d9789-5248-49bb-a15c-889b5c6b5dd3":{"type":"menu","settings":{"title":"HELP","color":"#ffffff","font_size":16,"line_height":24,"letter_spacing":0,"font_weight":"400","margin":"0px 0px 25px 0px","footer_link_list":"footer-2","footer_width":20,"footer_width_ipad":50,"footer_width_mobi":100}},"86b4ae81-2e4c-4804-b2b1-1b0c35096dbd":{"type":"menu","settings":{"title":"FOLLOW US ON","color":"#ffffff","font_size":16,"line_height":24,"letter_spacing":0,"font_weight":"400","margin":"0px 0px 25px 0px","footer_link_list":"footer-3","footer_width":20,"footer_width_ipad":50,"footer_width_mobi":100}},"fff743b6-4565-41aa-af99-06ebb9611b7f":{"type":"newsletter","settings":{"title":"NEWSLETTER","color":"#ffffff","font_size":16,"line_height":20,"letter_spacing":0,"font_weight":"400","margin":"0px 0px 25px 0px","social":false,"color_social":"#000000","footer_desc":"Sign-up to receive 10% off your next purchase. \nPlus hear about new arrivals and offers.","mailchimp":false,"form_action":"","footer_width":20,"footer_width_ipad":50,"footer_width_mobi":100}}},"block_order":["7f8f3a35-1d6a-4420-a247-c7e6b5f08465","de842627-6663-4fd5-a2e4-f6d1bc745b61","914d9789-5248-49bb-a15c-889b5c6b5dd3","86b4ae81-2e4c-4804-b2b1-1b0c35096dbd","fff743b6-4565-41aa-af99-06ebb9611b7f"],"settings":{"padding":"90px 0px 70px | 80px 0 20px","bg_color":"#000000","border":false,"border_width":"1px 1px 1px 1px","border_color":"#ffffff","accordion":true}},"footer_3":{"type":"footer_3","blocks":{"0ce0cfdc-bb7e-4080-9597-869a1c909fc9":{"type":"contact","settings":{"width_logo":110,"margin":"0px 0px 20px 0px","content":"<p>+866.597.2742<\/p><p>demo@gmail.com<\/p>","color_content":"#000","social":false,"color_social":"#000","footer_width":25,"footer_width_ipad":50,"footer_width_mobi":100}},"8acfeb5e-d29d-437b-a370-e3c04c3ce2f0":{"type":"menu","settings":{"title":"MY ACCOUNT","color":"#000","font_size":16,"line_height":24,"letter_spacing":0,"font_weight":"400","margin":"0px 0px 25px 0px","footer_link_list":"footer-1","footer_width":25,"footer_width_ipad":50,"footer_width_mobi":100}},"3eefdd9d-6a60-4f26-b57d-a19fa46769a3":{"type":"menu","settings":{"title":"HELP","color":"#000","font_size":16,"line_height":24,"letter_spacing":0,"font_weight":"400","margin":"0px 0px 25px 0px","footer_link_list":"footer-2","footer_width":25,"footer_width_ipad":50,"footer_width_mobi":100}},"46d9c8c3-b3f3-4ae7-a798-d85ab6a4a19b":{"type":"newsletter","settings":{"title":"NEWSLETTER","color":"#000","font_size":16,"line_height":24,"letter_spacing":0,"font_weight":"400","margin":"0px 0px 25px 0px","social":false,"color_social":"#000","footer_desc":"Sign-up to receive 10% off your next purchase. Plus hear about \nnew arrivals and offers.","mailchimp":false,"form_action":"","footer_width":25,"footer_width_ipad":50,"footer_width_mobi":100}}},"block_order":["0ce0cfdc-bb7e-4080-9597-869a1c909fc9","8acfeb5e-d29d-437b-a370-e3c04c3ce2f0","3eefdd9d-6a60-4f26-b57d-a19fa46769a3","46d9c8c3-b3f3-4ae7-a798-d85ab6a4a19b"],"settings":{"padding":"50px 0 60px","bg_color":"#fff","border":false,"border_width":"1px 1px 1px 1px","border_color":"#fff","accordion":true}}},"content_for_index":["1663474605a10521ba","cf1b0a34-64b8-4b85-bf4c-b3d39c464a1c","c60908f5-6541-4e62-9baa-4215f4dba30d","bcd20e94-3e6e-46fd-82a3-be97bd948480","d7042afd-688c-4ecb-a00c-8b015ad16957","de83fde5-00e2-410a-86b8-60c0189c5002","455012d5-ee6b-440c-9ced-e9319af90271","cc18fe7b-de3b-4c3c-859d-bbc274ae17d4","a60121f5-3d93-4f1a-9b39-cd4f3546657c","95768ae2-4f1e-4dd7-b784-6a7d9629092c","e6fd618b-c096-478d-9d40-ac97b974f985","833d37db-a354-45f7-bd8b-906bd06dfa3a","8f84a75b-77c1-42eb-b612-01bdf79f801b","cf3c4d38-78cf-4cd3-9a6b-cbb8eb497bd8","cb3ba312-d29a-4a65-aa91-296e0ba70030","bccf919c-929e-43b6-9577-1510fb31e9d9","40d1275f-8a55-47d5-a20a-051653bab77c"]}}