{"sections":{"breadcrumb":{"type":"article-breadcrumb","settings":{"text_align":"left"}},"main":{"type":"main-portfolio-post","blocks":{"bb85aed8-2d89-47a3-b85b-50da9f8009fe":{"type":"image","settings":{"show_portfolio_image":true,"portfolio_image_margin":""}},"dd942bef-c9d4-4627-a011-c622a3d72397":{"type":"title","settings":{"portfolio_title_margin":"","show_article_tags_title":true,"show_article_title":true,"client":true,"year":true}},"4599e097-1464-4cdf-b75d-6e2b9d4ed703":{"type":"content","settings":{"portfolio_content_margin":"","show_article_content":true}}},"block_order":["bb85aed8-2d89-47a3-b85b-50da9f8009fe","dd942bef-c9d4-4627-a011-c622a3d72397","4599e097-1464-4cdf-b75d-6e2b9d4ed703"],"settings":{}},"07364e65-fd99-4580-8b32-5b88e945ea36":{"type":"featured-title-button","blocks":{"template--17093025956146__07364e65-fd99-4580-8b32-5b88e945ea36-16776405194d52d3ba-0":{"type":"title","settings":{"title":"Trending Product","font":"","color":"#222222","font_size":30,"line_height":35,"letter_spacing":0,"font_weight":"500","margin":"0px 0px 0px 0px","align":"center","width":100,"color_mobi":"#222222","font_size_mobi":25,"line_height_mobi":30,"letter_spacing_mobi":0,"margin_mobi":"0px 0px 0px 0px","align_mobi":"center","width_mobi":100}}},"block_order":["template--17093025956146__07364e65-fd99-4580-8b32-5b88e945ea36-16776405194d52d3ba-0"],"settings":{"max_width":"","fullwidth":false,"padding":"","margin":"70px 0 30px"}},"0168b34b-4270-4736-89e4-7fdbb354791a":{"type":"featured-products","settings":{"max_width":"1080px","fullwidth":false,"padding":"","margin":"","title":"","featured_products":"all-products","limit":8,"button":"","button_url":"","navigation":true,"infinite":true,"autoplay":false,"half_slider":true,"autoplay_speed":"10000","columns":4,"column1440":4,"column1":4,"column2":3,"column3":2,"column4":1}},"social":{"type":"main-portfolio-social","settings":{"portfolio_tag_margin":"","show_article_tags":true,"social_sharing_blog":true}},"prev_next":{"type":"main-portfolio-prev-next","settings":{"portfolio_prev_next_margin":""}},"coment":{"type":"main-portfolio-coment","settings":{"portfolio_comments_margin":""}},"related":{"type":"main-portfolio-related","settings":{"portfolio_related_margin":"","title_related":"Related Portfolio","number_related":4,"related_image_ratio":"1","navigation":true,"pagination":false,"infinite":true,"autoplay":false,"autoplay_speed":"10000","columns":4,"column1440":4,"column1":4,"column2":3,"column3":1,"column4":1}}},"order":["breadcrumb","main","07364e65-fd99-4580-8b32-5b88e945ea36","0168b34b-4270-4736-89e4-7fdbb354791a","social","prev_next","coment","related"]}