{"sections":{"breadcrumb":{"type":"article-breadcrumb","settings":{"text_align":"left"}},"main":{"type":"main-post","blocks":{"ce75322a-4632-4840-8923-be7e5fe233b8":{"type":"sidebar","settings":{"search_enable":true,"categories_enable":true,"categories_title":"Categories","menu_categories":"sidebar-blog","relatedarticles_enable":true,"relatedarticles_title":"Related Articles","relatedarticles_limit":3,"tags_enable":true,"tags_title":"Articles Tags","tags_limit":10}},"bf930588-69b9-4d52-aea1-d3613423cc51":{"type":"content","settings":{"show_article_tags":true,"show_prev_next":true}}},"block_order":["ce75322a-4632-4840-8923-be7e5fe233b8","bf930588-69b9-4d52-aea1-d3613423cc51"],"settings":{"layout_article":"sidebar_left","show_category":true,"show_author":true,"show_comments":true}}},"order":["breadcrumb","main"]}