{"sections":{"slideshow":{"type":"slideshow","blocks":{"9542e003-cb4b-4e0c-9bda-746baf4d6778":{"type":"image","settings":{"title":"slider-1","image":"shopify:\/\/shop_images\/6-1.jpg","image_mobi":"shopify:\/\/shop_images\/6-1-mb.jpg","size_img":"cover","pos_img":"center_center","caption_width":"","vertical_align":"middle","horizontal_align":"left","align":"left","padding":"0","size_img_mobi":"cover","pos_img_mobi":"center_center","disable_absolute":true,"vertical_align_mobi":"middle","horizontal_align_mobi":"center","align_mobi":"center","padding_mobi":"8% 0 18% 0"}},"1036d1ed-b0c2-4d6e-852c-89ea2ab4713b":{"type":"title","settings":{"slide_name":"slider-1","title":"Ethical Handmade<br>  Jewelry","color":"#222222","font_size":50,"line_height":65,"letter_spacing":0,"font_weight":"400","margin":"0px 0px 34px 0px","effect":"leftright","color_mobi":"#222222","font_size_mobi":25,"line_height_mobi":30,"letter_spacing_mobi":0,"margin_mobi":"0px 0px 15px 0px"}},"a9638a38-172d-4f9a-b3ae-d18b3db22613":{"type":"sub_title","settings":{"slide_name":"slider-1","title":"BUYING DISCOUNTED JEWELRY ONLINE","font":"","color":"#666666","font_size":16,"line_height":22,"letter_spacing":0,"font_weight":"400","margin":"0px 0px 38px 0px","effect":"topbottom","color_mobi":"#666666","font_size_mobi":14,"line_height_mobi":20,"letter_spacing_mobi":0,"margin_mobi":"0px 0px 10px 0px"}},"adc6ef0b-0019-4d3e-93c3-1f101400565a":{"type":"button","settings":{"slide_name":"slider-1","title":"Shop Now","icon_title":"icon-right","font_icon":34,"pos_icon":10,"margin_icon":"0 0 0 5px","button_link":"shopify:\/\/collections\/all","border":true,"border_radius":"0","border_width":1,"color":"#ffffff","background":"#222222","border_color":"#222222","color_hover":"#222222","background_hover":"rgba(0,0,0,0)","border_color_hover":"#222222","font_size":14,"line_height":65,"letter_spacing":0,"font_weight":"400","margin":"0px 0px 0px 0px","padding":"0px 65px 0px 65px","effect":"leftright","font_size_mobi":14,"line_height_mobi":40,"letter_spacing_mobi":0,"font_icon_mobi":24,"margin_icon_mobi":6,"border_mobi":true,"border_radius_mobi":"0","border_width_mobi":1,"color_mobi":"#ffffff","background_mobi":"#222222","border_color_mobi":"#222222","color_hover_mobi":"#222222","background_hover_mobi":"rgba(0,0,0,0)","border_color_hover_mobi":"#222222","margin_mobi":"0px 0px 0px 0px","padding_mobi":"0px 20px 0px 20px"}},"e03e3815-c09f-425f-8478-5abf3b639f38":{"type":"image","settings":{"title":"slider-2","image":"shopify:\/\/shop_images\/6-2.jpg","image_mobi":"shopify:\/\/shop_images\/6-2-mb.jpg","size_img":"cover","pos_img":"center_center","caption_width":"","vertical_align":"middle","horizontal_align":"left","align":"left","padding":"0% 0% 0% 0%","size_img_mobi":"cover","pos_img_mobi":"center_center","disable_absolute":true,"vertical_align_mobi":"middle","horizontal_align_mobi":"center","align_mobi":"center","padding_mobi":"8% 0% 18% 0%"}},"1d124f1b-5e49-454a-8028-585518f8f15a":{"type":"title","settings":{"slide_name":"slider-2","title":"The History of<br> Jewelry","color":"#222222","font_size":50,"line_height":65,"letter_spacing":0,"font_weight":"400","margin":"0px 0px 34px 0px","effect":"leftright","color_mobi":"#222222","font_size_mobi":25,"line_height_mobi":30,"letter_spacing_mobi":0,"margin_mobi":"0px 0px 15px 0px"}},"e458c23b-6b92-41e3-b8fc-53de20725307":{"type":"sub_title","settings":{"slide_name":"slider-2","title":"FROM ANCIENT TIMES TO MODERN DAY","font":"","color":"#666666","font_size":16,"line_height":24,"letter_spacing":0,"font_weight":"400","margin":"0px 0px 38px 0px","effect":"leftright","color_mobi":"#666666","font_size_mobi":14,"line_height_mobi":20,"letter_spacing_mobi":0,"margin_mobi":"0px 0px 10px 0px"}},"518ad8e0-7144-45a6-980a-42b2707862e7":{"type":"button","settings":{"slide_name":"slider-2","title":"Shop Now","icon_title":"icon-right","font_icon":34,"pos_icon":10,"margin_icon":"0 0 0 5px","button_link":"","border":true,"border_radius":"0px 0px 0px 0px","border_width":1,"color":"#ffffff","background":"#222222","border_color":"#222222","color_hover":"#222222","background_hover":"rgba(0,0,0,0)","border_color_hover":"#222222","font_size":14,"line_height":65,"letter_spacing":0,"font_weight":"400","margin":"0px 0px 0px 0px","padding":"0px 65px 0px 65px","effect":"leftright","font_size_mobi":14,"line_height_mobi":40,"letter_spacing_mobi":0,"font_icon_mobi":24,"margin_icon_mobi":6,"border_mobi":true,"border_radius_mobi":"0px 0px 0px 0px","border_width_mobi":1,"color_mobi":"#ffffff","background_mobi":"#222222","border_color_mobi":"#222222","color_hover_mobi":"#222222","background_hover_mobi":"rgba(0,0,0,0)","border_color_hover_mobi":"#222222","margin_mobi":"0px 0px 0px 0px","padding_mobi":"0px 20px 0px 20px"}},"f228215f-5ee8-4895-8980-a16c7d6f89ad":{"type":"image","settings":{"title":"slider-3","image":"shopify:\/\/shop_images\/6-3.jpg","image_mobi":"shopify:\/\/shop_images\/6-3-mb.jpg","size_img":"cover","pos_img":"center_center","caption_width":"","vertical_align":"middle","horizontal_align":"left","align":"left","padding":"0% 0% 0% 0%","size_img_mobi":"cover","pos_img_mobi":"center_center","disable_absolute":true,"vertical_align_mobi":"middle","horizontal_align_mobi":"center","align_mobi":"center","padding_mobi":"8% 0 18% 0"}},"12412fd3-9631-4123-b55c-9a9e76089c91":{"type":"title","settings":{"slide_name":"slider-3","title":"Different Types of<br> Jewelry","color":"#222222","font_size":50,"line_height":65,"letter_spacing":0,"font_weight":"400","margin":"0px 0px 34px 0px","effect":"leftright","color_mobi":"#222222","font_size_mobi":25,"line_height_mobi":30,"letter_spacing_mobi":0,"margin_mobi":"0px 0px 15px 0px"}},"d74b8797-cb73-42e8-bf11-89530f68e5f6":{"type":"sub_title","settings":{"slide_name":"slider-3","title":"A GUIDE TO NECKLACES, EARRINGS, BRACELETS, AND MORE","font":"","color":"#666666","font_size":16,"line_height":24,"letter_spacing":0,"font_weight":"400","margin":"0px 0px 38px 0px","effect":"leftright","color_mobi":"#666666","font_size_mobi":14,"line_height_mobi":20,"letter_spacing_mobi":0,"margin_mobi":"0px 0px 10px 0px"}},"75a35d09-f680-4f09-92d3-3fbf8c7b4912":{"type":"button","settings":{"slide_name":"slider-3","title":"Shop Now","icon_title":"icon-right","font_icon":34,"pos_icon":10,"margin_icon":"0 0 0 5px","button_link":"","border":true,"border_radius":"0px 0px 0px 0px","border_width":1,"color":"#ffffff","background":"#222222","border_color":"#222222","color_hover":"#222222","background_hover":"rgba(0,0,0,0)","border_color_hover":"#222222","font_size":14,"line_height":65,"letter_spacing":0,"font_weight":"400","margin":"0px 0px 0px 0px","padding":"0px 65px 0px 65px","effect":"leftright","font_size_mobi":14,"line_height_mobi":40,"letter_spacing_mobi":0,"font_icon_mobi":24,"margin_icon_mobi":6,"border_mobi":true,"border_radius_mobi":"0px 0px 0px 0px","border_width_mobi":1,"color_mobi":"#ffffff","background_mobi":"#222222","border_color_mobi":"#222222","color_hover_mobi":"#222222","background_hover_mobi":"rgba(0,0,0,0)","border_color_hover_mobi":"#222222","margin_mobi":"0px 0px 0px 0px","padding_mobi":"0px 20px 0px 20px"}}},"block_order":["9542e003-cb4b-4e0c-9bda-746baf4d6778","1036d1ed-b0c2-4d6e-852c-89ea2ab4713b","a9638a38-172d-4f9a-b3ae-d18b3db22613","adc6ef0b-0019-4d3e-93c3-1f101400565a","e03e3815-c09f-425f-8478-5abf3b639f38","1d124f1b-5e49-454a-8028-585518f8f15a","e458c23b-6b92-41e3-b8fc-53de20725307","518ad8e0-7144-45a6-980a-42b2707862e7","f228215f-5ee8-4895-8980-a16c7d6f89ad","12412fd3-9631-4123-b55c-9a9e76089c91","d74b8797-cb73-42e8-bf11-89530f68e5f6","75a35d09-f680-4f09-92d3-3fbf8c7b4912"],"settings":{"max_width":"1790px","fullwidth":true,"navigation":false,"pagination":true,"fade":true,"autoplay":true,"autoplay_speed":"8000","min_height_slider":"600px | 500px | 400px | 350px","border_arrow":"0px 0px 0px 0px","border_radius_arrow":"0px 0px 0px 0px","bg_arrow":"rgba(0,0,0,0)","border_color_arrow":"#ffffff","color_arrow":"#ffffff","bg_arrow_hover":"rgba(0,0,0,0)","border_color_arrow_hover":"#ffffff","color_arrow_hover":"#7f4227","border_dots":"0px 0px 0px 0px","border_radius_dots":"50%","bg_dots":"rgba(0,0,0,0)","border_color_dots":"rgba(0,0,0,0)","bg_dots_hover":"rgba(0,0,0,0)","border_color_dots_hover":"rgba(0,0,0,0)"}},"featured-title":{"type":"featured-title","blocks":{"340a2672-1529-4ea4-9a85-599e936f8464":{"type":"title","settings":{"title":"The Beauty of Jewelry","color":"#222222","font_size":50,"line_height":65,"letter_spacing":0,"font_weight":"400","margin":"0px 0px 20px 0px","align":"center","color_mobi":"#222222","font_size_mobi":25,"line_height_mobi":30,"letter_spacing_mobi":0,"margin_mobi":"0px 0px 20px 0px","align_mobi":"center"}},"01b943b1-cc3a-418b-96c4-b8ab67f43b88":{"type":"descrioption","settings":{"title":"Aenean sit amet risus nibh. Suspendisse vel dictum diam. Vestibulum posuere velit id faucibus ultricies. Etiam arcu enim, dictum ac convallis dictum,<br> \npellentesque et arcu. Phasellus vehicula, odio at rutrum volutpat, velit sapien mattis tellus, et vehicula magna ex in lorem.","color":"#666666","font_size":16,"line_height":26,"letter_spacing":0,"font_weight":"400","margin":"0px 0px 0px 0px","align":"center","color_mobi":"#666666","font_size_mobi":13,"line_height_mobi":24,"letter_spacing_mobi":0,"margin_mobi":"0px 0px 0px 0px","align_mobi":"center"}}},"block_order":["340a2672-1529-4ea4-9a85-599e936f8464","01b943b1-cc3a-418b-96c4-b8ab67f43b88"],"settings":{"color_bg":"rgba(0,0,0,0)","max_width":"","fullwidth":false,"padding":"","margin":"90px 0 47px"}},"banner":{"type":"featured-banner","blocks":{"79297bed-ac28-4921-ad49-6abbb9d50a7d":{"type":"image","settings":{"title":"banner-1","image":"shopify:\/\/shop_images\/6-1_25d9a161-fca2-40ec-97dd-3d44533277be.jpg","content_position":"unset","vertical_position":"middle","horizontal_position":"center","text_align":"center","padding_content":"27px 15px 0","padding_image":"0 30px | 0 7.5px | | 0 7.5px 30px","width_image":"33.33% | | | 100%"}},"67b1b33e-fe7c-4218-ae72-07661f5ffa4f":{"type":"title","settings":{"banner_name":"banner-1","title":"Minimalist Gold Ring","font":"","color":"#222222","font_size":18,"line_height":24,"letter_spacing":0,"font_weight":"400","margin":"0px 0px -7px 0px","color_mobi":"#222222","font_size_mobi":16,"line_height_mobi":18,"letter_spacing_mobi":0,"margin_mobi":"0px 0px 0px 0px"}},"eaf348a4-371a-4fcf-a39b-78b21b47a00b":{"type":"button","settings":{"banner_name":"banner-1","title":"Shop Now","icon_title":"icon-right","font_icon":37,"pos_icon":11,"margin_icon":"0px 0px 0px 10px","button_link":"","border":false,"border_radius":"0px 0px 0px 0px","border_width":0,"color":"#222222","background":"rgba(0,0,0,0)","border_color":"#ffffff","color_hover":"#000000","background_hover":"rgba(0,0,0,0)","border_color_hover":"#ffffff","font_size":14,"line_height":24,"letter_spacing":0,"font_weight":"400","padding":"0px 0px 0px 0px","margin":"0px 0px 0px 0px","font_icon_mobi":24,"margin_icon_mobi":6,"font_size_mobi":14,"line_height_mobi":24,"letter_spacing_mobi":0,"border_mobi":false,"border_radius_mobi":"0px 0px 0px 0px","border_width_mobi":0,"color_mobi":"#222222","background_mobi":"rgba(0,0,0,0)","border_color_mobi":"#ffffff","color_hover_mobi":"#000000","background_hover_mobi":"rgba(0,0,0,0)","border_color_hover_mobi":"#ffffff","padding_mobi":"0px 0px 0px 0px","margin_mobi":"0px 0px 0px 0px"}},"0a69a9c3-de04-4673-834c-1220d320d203":{"type":"image","settings":{"title":"banner-2","image":"shopify:\/\/shop_images\/6-2_cc1bb934-8613-48c5-aac7-757e6fbdbd4c.jpg","content_position":"unset","vertical_position":"middle","horizontal_position":"center","text_align":"center","padding_content":"27px 15px 0","padding_image":"0 30px | 0 7.5px | | 0 7.5px 30px","width_image":"33.33% | | | 100%"}},"ead01629-0db9-49fd-864f-fd2ae4164972":{"type":"title","settings":{"banner_name":"banner-2","title":"Bridal Jewelry Set","font":"","color":"#222222","font_size":18,"line_height":24,"letter_spacing":0,"font_weight":"400","margin":"0px 0px -7px 0px","color_mobi":"#222222","font_size_mobi":16,"line_height_mobi":18,"letter_spacing_mobi":0,"margin_mobi":"0px 0px 0px 0px"}},"42044a53-acc2-4009-9398-a2324ef0fa22":{"type":"button","settings":{"banner_name":"banner-2","title":"Shop Now","icon_title":"icon-right","font_icon":37,"pos_icon":11,"margin_icon":"0px 0px 0px 10px","button_link":"","border":false,"border_radius":"0px 0px 0px 0px","border_width":0,"color":"#222222","background":"rgba(0,0,0,0)","border_color":"#ffffff","color_hover":"#000000","background_hover":"rgba(0,0,0,0)","border_color_hover":"#ffffff","font_size":14,"line_height":24,"letter_spacing":0,"font_weight":"400","padding":"0px 0px 0px 0px","margin":"0px 0px 0px 0px","font_icon_mobi":24,"margin_icon_mobi":6,"font_size_mobi":14,"line_height_mobi":23,"letter_spacing_mobi":0,"border_mobi":false,"border_radius_mobi":"0px 0px 0px 0px","border_width_mobi":0,"color_mobi":"#222222","background_mobi":"rgba(0,0,0,0)","border_color_mobi":"#ffffff","color_hover_mobi":"#000000","background_hover_mobi":"rgba(0,0,0,0)","border_color_hover_mobi":"#ffffff","padding_mobi":"0px 0px 0px 0px","margin_mobi":"0px 0px 0px 0px"}},"096eb5f1-1f7b-4e0e-b48e-b32f938c2a7a":{"type":"image","settings":{"title":"banner-3","image":"shopify:\/\/shop_images\/6-3_82195e6a-b236-4bd8-8d4a-33209af9a020.jpg","content_position":"unset","vertical_position":"middle","horizontal_position":"center","text_align":"center","padding_content":"27px 15px 0","padding_image":"0 30px | 0 7.5px","width_image":"33.33% | | | 100%"}},"351a5a24-ac20-4131-97cd-cef6da3a49ae":{"type":"title","settings":{"banner_name":"banner-3","title":"Classic Pearl Necklace","font":"","color":"#222222","font_size":18,"line_height":24,"letter_spacing":0,"font_weight":"400","margin":"0px 0px -7px 0px","color_mobi":"#222222","font_size_mobi":16,"line_height_mobi":18,"letter_spacing_mobi":0,"margin_mobi":"0px 0px 0px 0px"}},"fcd3f057-60a2-42b1-9da0-1ac58eaf7d7e":{"type":"button","settings":{"banner_name":"banner-3","title":"Shop Now","icon_title":"icon-right","font_icon":37,"pos_icon":11,"margin_icon":"0px 0px 0px 10px","button_link":"","border":false,"border_radius":"0px 0px 0px 0px","border_width":0,"color":"#222222","background":"rgba(0,0,0,0)","border_color":"#ffffff","color_hover":"#000000","background_hover":"rgba(0,0,0,0)","border_color_hover":"#ffffff","font_size":14,"line_height":24,"letter_spacing":0,"font_weight":"400","padding":"0px 0px 0px 0px","margin":"0px 0px 0px 0px","font_icon_mobi":24,"margin_icon_mobi":6,"font_size_mobi":14,"line_height_mobi":24,"letter_spacing_mobi":0,"border_mobi":false,"border_radius_mobi":"0px 0px 0px 0px","border_width_mobi":0,"color_mobi":"#222222","background_mobi":"rgba(0,0,0,0)","border_color_mobi":"#ffffff","color_hover_mobi":"#000000","background_hover_mobi":"rgba(0,0,0,0)","border_color_hover_mobi":"#ffffff","padding_mobi":"0px 0px 0px 0px","margin_mobi":"0px 0px 0px 0px"}}},"block_order":["79297bed-ac28-4921-ad49-6abbb9d50a7d","67b1b33e-fe7c-4218-ae72-07661f5ffa4f","eaf348a4-371a-4fcf-a39b-78b21b47a00b","0a69a9c3-de04-4673-834c-1220d320d203","ead01629-0db9-49fd-864f-fd2ae4164972","42044a53-acc2-4009-9398-a2324ef0fa22","096eb5f1-1f7b-4e0e-b48e-b32f938c2a7a","351a5a24-ac20-4131-97cd-cef6da3a49ae","fcd3f057-60a2-42b1-9da0-1ac58eaf7d7e"],"settings":{"show":true,"max_width":"","fullwidth":false,"padding":"","margin":"0 0 90px","effect":"effect-one","layout":"layout-1"}},"product-tabs":{"type":"featured-product-tabs","blocks":{"ef80382d-998b-4144-90c9-30f122326ffb":{"type":"tab","settings":{"heading":"NEW ARRIVALS","collection":"frontpage","desc":"Ways to Save Money When Buying Jewelry","button":"Shop Now","icon_title":"icon-right","limit":8}},"2c5d5e3b-4cb6-42c0-a06e-a3b4369e81fe":{"type":"tab","settings":{"heading":"BEST SELLER","collection":"bracelets","desc":"Ways to Save Money When Buying Jewelry","button":"Shop Now","icon_title":"icon-right","limit":8}},"5fb14fac-34f6-448b-8d5a-cd30c2c5e782":{"type":"tab","settings":{"heading":"ON SALE","collection":"earrings","desc":"Ways to Save Money When Buying Jewelry","button":"Shop Now","icon_title":"icon-right","limit":8}},"b7662494-b7d0-4400-a753-832dbc6e1935":{"type":"css","settings":{"font":"Playfair Display","color_heading":"#666666","color_heading_active":"#222222","font_weight_heading_active":"400","font_size_heading":14,"line_height_heading":22,"letter_spacing_heading":0,"font_weight_heading":"400","margin_heading":"0px 0px 0px 0px","color_title":"#222222","font_size_title":30,"line_height_title":50,"letter_spacing_title":0,"font_weight_title":"400","margin_title":"0px 0px 12px 0px","color_subtitle":"#666666","font_size_subtitle":14,"line_height_subtitle":17,"letter_spacing_subtitle":0,"font_weight_subtitle":"400","margin_subtitle":"0px 0px 28px 0px","font_icon":37,"pos_icon":11,"margin_icon":"0px 0px 0px 10px","border":true,"border_width":1,"bg_button":"#222222","color_button":"#ffffff","border_color_button":"#222222","bg_hover_button":"#ffffff","color_hover_button":"#222222","border_color_hover_button":"#222222","border_radius":"0px 0px 0px 0px","font_size_button":14,"line_height_button":50,"letter_spacing_button":0,"font_weight_button":"400","padding_button":"0px 38px 0px 38px","font_size_heading_mobi":16,"line_height_heading_mobi":22,"margin_heading_mobi":"0px 0px 0px 0px","font_size_title_mobi":20,"line_height_title_mobi":22,"margin_title_mobi":"0px 0px 10px 0px","font_size_subtitle_mobi":14,"line_height_subtitle_mobi":18,"margin_subtitle_mobi":"0px 0px 20px 0px","font_icon_mobi":24,"margin_icon_mobi":6,"border_radius_mobi":"0px 0px 0px 0px","border_width_mobi":1,"font_size_button_mobi":14,"line_height_button_mobi":40,"padding_button_mobi":"0px 20px 0px 20px"}}},"block_order":["ef80382d-998b-4144-90c9-30f122326ffb","2c5d5e3b-4cb6-42c0-a06e-a3b4369e81fe","5fb14fac-34f6-448b-8d5a-cd30c2c5e782","b7662494-b7d0-4400-a753-832dbc6e1935"],"settings":{"color":"#f9f9f9","max_width":"","fullwidth":false,"padding":"100px 0 80px","margin":"0 0 105px","navigation":false,"infinite":true,"autoplay":false,"autoplay_speed":"10000","columns":3,"column1440":3,"column1":3,"column2":2,"column3":1,"column4":1}},"single-banner":{"type":"featured-single-banner","blocks":{"c0b4cd8b-3e76-44f8-8676-b8694109fa04":{"type":"subtitle","settings":{"title":"luxury Jewelry","font":"Playfair Display","font_style":"italic","color":"#222222","font_size":17,"line_height":22,"letter_spacing":0,"font_weight":"600","margin":"0px 0px 10px 0px","align":"left","color_mobi":"#222222","font_size_mobi":16,"line_height_mobi":20,"letter_spacing_mobi":0,"margin_mobi":"0px 0px 10px 0px","align_mobi":"center"}},"cfc8bb70-4e8a-4660-9dfb-5597fbcdb8f9":{"type":"title","settings":{"title":"Buying Discounted Jewelry <br>\nOnline","color":"#222222","font_size":40,"line_height":55,"letter_spacing":0,"font_weight":"400","margin":"0px 0px 35px 0px","align":"left","color_mobi":"#222222","font_size_mobi":25,"line_height_mobi":30,"letter_spacing_mobi":0,"margin_mobi":"0px 0px 20px 0px","align_mobi":"center"}},"2d627bbb-7e5c-45c3-9ac9-63fde008ae11":{"type":"desc","settings":{"title":"Lorem ipsum dolor sit amet, consectetur adipiscing elit. Integer ex turpis, consectetur<br> \na mi sit amet, pellentesque venenatis justo. Nulla felis ante, pulvinar faucibus auctor at, \nsemper sed metus","color":"#666666","font_size":14,"line_height":24,"letter_spacing":0,"font_weight":"400","margin":"0px 0px 48px 0px","align":"left","color_mobi":"#666666","font_size_mobi":14,"line_height_mobi":24,"letter_spacing_mobi":0,"margin_mobi":"0px 0px 30px 0px","align_mobi":"center"}},"7e7b3a6c-725e-4118-9a3d-ed6dd9adf063":{"type":"button","settings":{"title":"Read More","icon_title":"icon-right","font_icon":37,"pos_icon":11,"margin_icon":"0px 0px 0px 10px","button_link":"","border":true,"border_radius":"0px 0px 0px 0px","border_width":1,"color":"#ffffff","background":"#222222","border_color":"#222222","color_hover":"#222222","background_hover":"rgba(0,0,0,0)","border_color_hover":"#222222","font_size":14,"line_height":65,"letter_spacing":0,"font_weight":"400","padding":"0px 65px 0px 65px","margin":"0px 0px 0px 0px","align":"left","font_size_mobi":14,"line_height_mobi":40,"letter_spacing_mobi":0,"font_icon_mobi":24,"margin_icon_mobi":6,"border_mobi":true,"border_radius_mobi":"0px 0px 0px 0px","border_width_mobi":1,"color_mobi":"#ffffff","background_mobi":"#222222","border_color_mobi":"#222222","color_hover_mobi":"#222222","background_hover_mobi":"rgba(0,0,0,0)","border_color_hover_mobi":"#222222","padding_mobi":"0px 20px 0px 20px","margin_mobi":"0px 0px 0px 0px","align_mobi":"center"}}},"block_order":["c0b4cd8b-3e76-44f8-8676-b8694109fa04","cfc8bb70-4e8a-4660-9dfb-5597fbcdb8f9","2d627bbb-7e5c-45c3-9ac9-63fde008ae11","7e7b3a6c-725e-4118-9a3d-ed6dd9adf063"],"settings":{"max_width":"","fullwidth":false,"padding":"| 0 7.5px","margin":"","image":"shopify:\/\/shop_images\/6-4.jpg","effect":"effect-one"}},"featured-brand":{"type":"featured-brands","blocks":{"cb3ba312-d29a-4a65-aa91-296e0ba70030-1673930405460a4428-0":{"type":"brand","settings":{"image":"shopify:\/\/shop_images\/6-1.png","name":"Brand","url":"shopify:\/\/collections\/all"}},"cb3ba312-d29a-4a65-aa91-296e0ba70030-1673930405460a4428-1":{"type":"brand","settings":{"image":"shopify:\/\/shop_images\/6-2.png","name":"Brand","url":"shopify:\/\/collections\/all"}},"cb3ba312-d29a-4a65-aa91-296e0ba70030-1673930405460a4428-2":{"type":"brand","settings":{"image":"shopify:\/\/shop_images\/6-3_7714ed63-f218-4e16-9752-992ba9704fef.png","name":"Brand","url":"shopify:\/\/collections\/all"}},"cb3ba312-d29a-4a65-aa91-296e0ba70030-1673930405460a4428-3":{"type":"brand","settings":{"image":"shopify:\/\/shop_images\/6-4.png","name":"Brand","url":"shopify:\/\/collections\/all"}},"cb3ba312-d29a-4a65-aa91-296e0ba70030-1673930405460a4428-4":{"type":"brand","settings":{"image":"shopify:\/\/shop_images\/6-5.png","name":"Brand","url":"shopify:\/\/collections\/all"}},"caec4836-749a-43b8-9472-ebba37d32621":{"type":"brand","settings":{"image":"shopify:\/\/shop_images\/6-6.png","name":"Brand","url":"shopify:\/\/collections\/all"}}},"block_order":["cb3ba312-d29a-4a65-aa91-296e0ba70030-1673930405460a4428-0","cb3ba312-d29a-4a65-aa91-296e0ba70030-1673930405460a4428-1","cb3ba312-d29a-4a65-aa91-296e0ba70030-1673930405460a4428-2","cb3ba312-d29a-4a65-aa91-296e0ba70030-1673930405460a4428-3","cb3ba312-d29a-4a65-aa91-296e0ba70030-1673930405460a4428-4","caec4836-749a-43b8-9472-ebba37d32621"],"settings":{"show":true,"max_width":"","fullwidth":false,"padding":"","margin":"50px 0 | | | 50px 0 70px","title":"","navigation":true,"infinite":true,"autoplay":false,"autoplay_speed":"10000","columns":6,"column1440":5,"column1":4,"column2":3,"column3":2,"column4":2}},"banner-video":{"type":"featured-video","blocks":{"028b35f5-436b-42ec-9c98-e53090de0afb":{"type":"title","settings":{"title":"THE HISTORY OF JEWELRY","font":"Playfair Display","color":"#222222","font_size":35,"line_height":45,"letter_spacing":0,"font_weight":"400","margin":"0px 0px 15px 0px","align":"right","color_mobi":"#222222","font_size_mobi":20,"line_height_mobi":18,"letter_spacing_mobi":0,"margin_mobi":"0px 0px 10px 0px","align_mobi":"center"}},"60553b42-996b-496e-8f09-5b2f55c3aeb5":{"type":"subtitle","settings":{"title":"Quisque eu iaculis mauris,","font":"","color":"#222222","font_size":14,"line_height":24,"letter_spacing":0,"font_weight":"400","margin":"0px 0px 0px 0px","align":"right","color_mobi":"#222222","font_size_mobi":14,"line_height_mobi":24,"letter_spacing_mobi":0,"margin_mobi":"0px 0px 0px 0px","align_mobi":"center"}}},"block_order":["028b35f5-436b-42ec-9c98-e53090de0afb","60553b42-996b-496e-8f09-5b2f55c3aeb5"],"settings":{"max_width":"","fullwidth":true,"padding":"","margin":"0 0 93px","image":"shopify:\/\/shop_images\/bg-video.jpg","video_url":""}},"testimonials":{"type":"featured-testimonials","blocks":{"80e76490-e178-45aa-82b3-6d47a32de0b4":{"type":"testimonial","settings":{"show_image":false,"image":"shopify:\/\/shop_images\/1_f22b8390-e12a-4a13-8904-a7d82ee9a0b1.jpg","show_name":true,"name":"YOSHI NARUTO","show_title":false,"title":"Designer","show_review":true,"review":"“Lorem ipsum dolor sit amet, consectetur adipiscing elit. Donec id tristique est.<br> \nQuisque ac luctus dolor, a elementum dolor. In eget enim ac<br>\n felis pellentesque varius.”","show_rating":false,"rating":"5"}},"797fb219-36e6-410e-917f-9f52791775b7":{"type":"testimonial","settings":{"show_image":false,"image":"shopify:\/\/shop_images\/2.jpg","show_name":true,"name":"JOHN DOE","show_title":false,"title":"CEO & Founder","show_review":true,"review":"“Lorem ipsum dolor sit amet, consectetur adipiscing elit. Donec id tristique est.<br> \nQuisque ac luctus dolor, a elementum dolor. In eget enim ac<br>\n felis pellentesque varius.”","show_rating":false,"rating":"5"}},"b9e43dd8-9f70-49b5-8fb2-ed1e2a835d99":{"type":"testimonial","settings":{"show_image":false,"image":"shopify:\/\/shop_images\/3.jpg","show_name":true,"name":"JAMES STONS","show_title":false,"title":"Photographer","show_review":true,"review":"“Lorem ipsum dolor sit amet, consectetur adipiscing elit. Donec id tristique est.<br> \nQuisque ac luctus dolor, a elementum dolor. In eget enim ac<br>\n felis pellentesque varius.”","show_rating":false,"rating":"5"}},"293797ae-8731-43eb-9df9-bca557609f80":{"type":"css","settings":{"text_align":"center","color_heading":"#ffffff","font_size_heading":35,"line_height_heading":40,"font_weight_heading":"500","margin_heading":"0px 0px 50px 0px","font":"Playfair Display","color_review":"#222222","font_size_review":30,"line_height_review":45,"font_weight_review":"400","margin_review":"0px 0px 25px 0px","color_title":"#666666","font_size_title":14,"line_height_title":24,"font_weight_title":"400","letter_spacing_title":0,"font_name":"Playfair Display","color_name":"#222222","font_size_name":14,"line_height_name":18,"font_weight_name":"400","letter_spacing_name":0,"margin_name":"0px 0px 5px 0px","width_avatar":120,"border":"50%","font_size_heading_mobi":25,"line_height_heading_mobi":30,"margin_heading_mobi":"0px 0px 30px 0px","font_size_review_mobi":16,"line_height_review_mobi":26,"font_size_title_mobi":14,"line_height_title_mobi":24,"font_size_name_mobi":14,"line_height_name_mobi":24,"width_avatar_mobi":80}}},"block_order":["80e76490-e178-45aa-82b3-6d47a32de0b4","797fb219-36e6-410e-917f-9f52791775b7","b9e43dd8-9f70-49b5-8fb2-ed1e2a835d99","293797ae-8731-43eb-9df9-bca557609f80"],"settings":{"background":"","bg_fixed":false,"bg_position":"center","bg_size":"cover","bg_width":"content","max_width":"","fullwidth":false,"padding":"","margin":"0 0 42px","heading":"","navigation":true,"pagination":true,"infinite":true,"autoplay":false,"autoplay_speed":"10000","columns":1,"column1440":1,"column1":1,"column2":1,"column3":1,"column4":1}},"line":{"type":"featured-line","settings":{"max_width":"","fullwidth":false,"padding":"","margin":"0 0 100px | | | 50px 0","height":1,"background":"#dddddd","border_opacity":1}},"policy":{"type":"featured-policy","blocks":{"1c5a801a-231a-42a9-886b-7e3fbdf3e709":{"type":"image","settings":{"type_image":"svg","svg":"<svg xmlns=\"http:\/\/www.w3.org\/2000\/svg\" width=\"100%\" height=\"100%\" viewbox=\"0 0 54 54\" fill=\"none\">\n<path d=\"M26.6406 0C23.5469 0 20.5391 0.515625 17.6172 1.54688C17.1875 1.71875 16.9297 2.23438 17.1016 2.66406C17.2734 3.09375 17.7891 3.35156 18.2188 3.17969C20.8828 2.23437 23.7188 1.71875 26.6406 1.71875C28.5312 1.71875 30.4219 1.97656 32.2266 2.32031L31.4531 4.64062C31.1953 5.41406 31.2812 6.27344 31.5391 6.875L32.1406 8.16406C32.3125 8.50781 32.8281 8.85156 33.2578 8.59375C33.6875 8.33594 33.8594 7.90625 33.6875 7.47656L33.0859 6.1875C32.9141 5.92969 32.9141 5.58594 33.0859 5.24219L33.9453 2.75C42.1953 5.32812 48.7266 12.1172 50.7891 20.625H48.5547C48.0391 20.625 47.6094 20.3672 47.4375 19.9375L46.9219 18.8203C46.4062 17.7891 45.375 17.1016 44.2578 17.1016H42.9688C42.5391 17.1016 42.1953 16.8438 42.1094 16.7578L40.3906 15.0391C39.5312 14.1797 38.2422 13.9219 36.9531 14.4375C36.9531 14.4375 34.9766 15.3828 34.7188 15.3828H30.5078C29.8203 15.3828 29.2188 14.7812 29.2188 14.0938C29.2188 13.5781 29.4766 13.1484 29.9062 12.9766L31.8828 12.0312C32.3125 11.8594 32.4844 11.3438 32.3125 10.9141C32.1406 10.4844 31.625 10.3125 31.1953 10.4844L29.2188 11.4297C28.1875 11.8594 27.5 12.9766 27.5 14.0938C27.5 15.8125 28.7891 17.1016 30.5078 17.1016H34.7188C35.2344 17.1016 37.6406 15.9844 37.6406 15.9844C37.9844 15.8125 38.6719 15.7266 39.1875 16.2422L40.9062 17.9609C41.4219 18.4766 42.1953 18.8203 42.9688 18.8203H44.2578C44.6875 18.8203 45.2031 19.1641 45.375 19.5078L45.8906 20.625C46.3203 21.6562 47.4375 22.3438 48.5547 22.3438H51.2188C51.3906 23.4609 51.5625 24.5781 51.5625 25.7812H48.8125C47.8672 25.7812 47.0938 25.2656 46.6641 24.9219C46.6641 24.9219 44.1719 22.4297 43.8281 22.2578L39.9609 19.6797C39.1875 19.1641 38.2422 18.8203 37.2969 18.8203H30.25C28.7031 18.8203 27.2422 19.5938 26.3828 20.9688L24.1484 24.4922C23.8906 24.9219 23.9766 25.4375 24.4062 25.6953C24.8359 25.9531 25.3516 25.8672 25.6094 25.4375L27.8438 21.9141C28.3594 21.0547 29.3047 20.5391 30.3359 20.5391H37.3828C37.9844 20.5391 38.5859 20.7109 39.0156 21.0547L42.8828 23.6328C43.0547 23.7188 45.4609 26.125 45.4609 26.125C46.4062 26.9844 47.6094 27.5 48.8125 27.5H51.5625C51.3906 32.6562 49.6719 37.4688 46.5781 41.5938C46.3203 41.9375 46.4062 42.5391 46.75 42.7969C47.1797 43.1406 47.7812 42.8828 47.9531 42.625C51.4766 37.9844 53.2812 32.4844 53.2812 26.6406C53.2812 11.9453 41.3359 0 26.6406 0ZM6.01562 23.8047L8.25 20.4531C8.25 20.3672 9.10938 19.5938 9.10938 19.5938C9.88281 18.9062 10.3125 17.875 10.3125 16.7578C10.3125 16.7578 9.96875 15.2969 11 14.3516L12.2891 13.0625C13.2344 12.0313 13.5781 10.6562 13.2344 9.36719L12.4609 6.1875C13.1484 5.67188 13.9219 5.24219 14.6953 4.8125C15.125 4.55469 15.2969 4.03906 15.0391 3.60937C14.7812 3.17969 14.2656 3.00781 13.8359 3.26563C5.32813 7.90625 0 16.8438 0 26.6406C0 31.7109 1.46094 36.6094 4.125 40.9062C4.29688 41.1641 4.55469 41.3359 4.8125 41.3359C4.98438 41.3359 5.15625 41.3359 5.24219 41.1641C5.67188 40.9062 5.75781 40.3906 5.5 39.9609C3.09375 36.0078 1.71875 31.3672 1.71875 26.6406C1.71875 18.9922 5.24219 11.9453 11 7.21875L11.6016 9.71094C11.7734 10.3984 11.5156 11.2578 11.0859 11.8594L9.79688 13.1484C8.16406 14.2656 8.59375 16.7578 8.59375 16.7578C8.59375 17.3594 8.33594 17.875 7.90625 18.3047C7.90625 18.3047 6.875 19.4219 6.875 19.5078L4.64062 22.9453C3.86719 24.1484 4.03906 26.2109 4.64062 27.5C4.8125 27.8438 5.24219 28.1875 5.75781 27.8438C6.1875 27.5859 6.35938 27.1562 6.10156 26.7266C5.75781 25.8672 5.67188 24.4062 6.01562 23.8047Z\" fill=\"\"><\/path>\n<path d=\"M40.3047 32.9141C39.6172 31.7109 38.2422 30.9375 36.8672 30.9375H30.9375V30.1641C30.9375 28.7031 29.7344 27.5 28.2734 27.5H9.53906C8.07813 27.5 6.875 28.7031 6.875 30.1641V47.0937C6.875 48.5547 8.07813 49.7578 9.53906 49.7578H10.3984C10.8281 51.7344 12.5469 53.1953 14.6094 53.1953C16.6719 53.1953 18.3906 51.7344 18.8203 49.7578H32.7422C33.1719 51.7344 34.8906 53.1953 36.9531 53.1953C37.4688 53.1953 37.8125 52.8516 37.8125 52.3359C37.8125 51.8203 37.4688 51.4766 36.9531 51.4766C35.4922 51.4766 34.375 50.3594 34.375 48.8984C34.375 47.4375 35.4922 46.3203 36.9531 46.3203C38.4141 46.3203 39.5312 47.4375 39.5312 48.8984C39.5312 49.5859 39.2734 50.2734 38.7578 50.7031C38.4141 51.0469 38.4141 51.5625 38.7578 51.9062C39.1016 52.25 39.6172 52.25 39.9609 51.9062C40.5625 51.3047 40.9922 50.5312 41.1641 49.7578H42.1953C43.5703 49.7578 44.6875 48.6406 44.6875 47.2656C44.6875 46.75 44.3438 46.4062 43.8281 46.4062C43.3125 46.4062 42.9688 46.75 42.9688 47.2656C42.9688 47.6953 42.625 48.0391 42.1953 48.0391H41.1641C40.7344 46.0625 39.0156 44.6016 36.9531 44.6016C34.8906 44.6016 33.1719 46.0625 32.7422 48.0391H30.9375V32.6562H32.6562V40.3906C32.6562 40.9062 33 41.25 33.5156 41.25H42.9688V44C42.9688 44.5156 43.3125 44.8594 43.8281 44.8594C44.3438 44.8594 44.6875 44.5156 44.6875 44V40.2187C44.6875 40.0469 40.3047 32.9141 40.3047 32.9141ZM14.6094 51.5625C13.1484 51.5625 12.0312 50.4453 12.0312 48.9844C12.0312 47.5234 13.1484 46.4062 14.6094 46.4062C16.0703 46.4062 17.1875 47.5234 17.1875 48.9844C17.1875 50.4453 16.0703 51.5625 14.6094 51.5625ZM29.2188 41.25H14.6094C14.0938 41.25 13.75 41.5937 13.75 42.1094C13.75 42.625 14.0938 42.9687 14.6094 42.9687H29.2188V48.125H18.8203C18.3906 46.1484 16.6719 44.6875 14.6094 44.6875C12.5469 44.6875 10.8281 46.1484 10.3984 48.125H9.53906C9.02344 48.125 8.59375 47.6953 8.59375 47.1797V42.9687H11.1719C11.6875 42.9687 12.0312 42.625 12.0312 42.1094C12.0312 41.5937 11.6875 41.25 11.1719 41.25H8.59375V30.1641C8.59375 29.6484 9.02344 29.2187 9.53906 29.2187H28.1875C28.7031 29.2187 29.1328 29.6484 29.1328 30.1641V41.25H29.2188ZM34.375 39.5312V32.6562H36.8672C37.6406 32.6562 38.4141 33.0859 38.8438 33.7734L42.2812 39.5312H34.375Z\" fill=\"\"><\/path>\n<path d=\"M12.8906 30.9375H11.1719C10.6562 30.9375 10.3125 31.2812 10.3125 31.7969V33.5156C10.3125 34.0312 10.6562 34.375 11.1719 34.375C11.6875 34.375 12.0312 34.0312 12.0312 33.5156V32.6562H12.8906C13.4062 32.6562 13.75 32.3125 13.75 31.7969C13.75 31.2812 13.4062 30.9375 12.8906 30.9375ZM21.4844 46.4062H26.6406C27.1562 46.4062 27.5 46.0625 27.5 45.5469C27.5 45.0312 27.1562 44.6875 26.6406 44.6875H21.4844C20.9688 44.6875 20.625 45.0312 20.625 45.5469C20.625 46.0625 20.9688 46.4062 21.4844 46.4062Z\" fill=\"\"><\/path>\n<path d=\"M36.9531 49.8438C37.4277 49.8438 37.8125 49.459 37.8125 48.9844C37.8125 48.5098 37.4277 48.125 36.9531 48.125C36.4785 48.125 36.0938 48.5098 36.0938 48.9844C36.0938 49.459 36.4785 49.8438 36.9531 49.8438Z\" fill=\"\"><\/path>\n<path d=\"M14.6094 49.8438C15.084 49.8438 15.4688 49.459 15.4688 48.9844C15.4688 48.5098 15.084 48.125 14.6094 48.125C14.1348 48.125 13.75 48.5098 13.75 48.9844C13.75 49.459 14.1348 49.8438 14.6094 49.8438Z\" fill=\"\"><\/path>\n<\/svg>","width_icon":50,"color_svg":"#222222","title":"14 Days Return","size_title":18,"color_title":"#222222","description":"Lorem ipsum dolor sit amet, consectetur<br>\nadipiscing elit","size_description":14,"color_description":"#666666","button":"","button_link":"","align":"center","padding_content":"22px 15px 0","padding_image":"0 15px | | | 0 15px 50px","width_image":"33.3333% | | | 100%"}},"ae1bb492-3a22-47ac-8439-e09ab2fbf53e":{"type":"image","settings":{"type_image":"svg","svg":"<svg xmlns=\"http:\/\/www.w3.org\/2000\/svg\" width=\"100%\" height=\"100%\" viewbox=\"0 0 50 48\" fill=\"none\">\n<path d=\"M1.34235 25.3713L6.50024 29.0588C6.59889 29.129 6.71042 29.1791 6.82845 29.2063C6.94649 29.2334 7.06871 29.237 7.18814 29.2169C7.30757 29.1968 7.42186 29.1533 7.52449 29.089C7.62711 29.0247 7.71607 28.9408 7.78626 28.8421L11.4738 23.6842C11.5443 23.5853 11.5946 23.4734 11.6219 23.355C11.6492 23.2365 11.6529 23.1139 11.6327 22.9941C11.6126 22.8742 11.5691 22.7595 11.5046 22.6565C11.4402 22.5535 11.3561 22.4641 11.2571 22.3936C11.1581 22.3231 11.0463 22.2728 10.9278 22.2455C10.8094 22.2182 10.6868 22.2145 10.5669 22.2346C10.4471 22.2548 10.3324 22.2983 10.2294 22.3627C10.1263 22.4272 10.037 22.5113 9.96649 22.6103L7.57884 25.9521C6.90586 23.007 6.93449 19.945 7.66241 17.0131C8.39033 14.0812 9.79716 11.3613 11.7694 9.07304C13.7417 6.78474 16.2242 4.99202 19.0166 3.83948C21.8091 2.68695 24.8333 2.20686 27.8454 2.43795C30.8575 2.66904 33.7731 3.60483 36.3571 5.16985C38.9411 6.73487 41.121 8.88529 42.7211 11.4477C44.3212 14.01 45.2967 16.9126 45.5689 19.9213C45.841 22.93 45.4022 25.9605 44.2879 28.7684C44.243 28.881 44.2207 29.0013 44.2224 29.1225C44.224 29.2437 44.2496 29.3633 44.2975 29.4747C44.3455 29.586 44.4149 29.6867 44.5018 29.7712C44.5888 29.8556 44.6915 29.9221 44.8041 29.9668C44.9127 30.0097 45.0285 30.0316 45.1452 30.0313C45.3299 30.0315 45.5103 29.9763 45.6632 29.8727C45.816 29.7692 45.9343 29.6221 46.0026 29.4506C47.2216 26.3783 47.7026 23.0628 47.4067 19.7708C47.1109 16.4788 46.0465 13.3021 44.2992 10.4964C42.5519 7.69073 40.1705 5.33428 37.3466 3.61666C34.5226 1.89904 31.335 0.868196 28.04 0.607045C24.7451 0.345894 21.4348 0.861731 18.3756 2.11306C15.3163 3.36439 12.5934 5.31628 10.426 7.81171C8.25858 10.3071 6.70709 13.2764 5.89636 16.4808C5.08563 19.6851 5.03828 23.0349 5.75813 26.2609L2.41173 23.8732C2.31394 23.7944 2.20108 23.7363 2.08005 23.7027C1.95903 23.669 1.8324 23.6604 1.70794 23.6775C1.58349 23.6945 1.46383 23.7368 1.35631 23.8018C1.24879 23.8667 1.15568 23.953 1.08269 24.0552C1.00971 24.1574 0.958388 24.2735 0.931884 24.3963C0.905381 24.5191 0.904253 24.646 0.928569 24.7693C0.952884 24.8925 1.00213 25.0095 1.07329 25.113C1.14444 25.2165 1.236 25.3044 1.34235 25.3713Z\" fill=\"\"><\/path>\n<path d=\"M48.123 33.3687C46.2792 31.1885 43.2555 32.1887 41.6238 32.7234C40.5913 33.0645 38.116 34.1062 35.6777 35.1387C35.8248 34.3595 35.7248 33.5537 35.3919 32.834C34.0736 29.8241 30.8194 30.4003 28.441 30.8243C27.7071 30.9837 26.9605 31.0778 26.21 31.1055C24.9387 31.0912 23.6837 30.8167 22.5225 30.2989C21.0145 29.65 19.3838 29.3355 17.7426 29.377C14.6003 29.4351 11.5021 30.1281 8.63448 31.4143L8.11823 31.6264C3.83612 33.3318 1.99237 33.719 1.99237 33.719C1.82083 33.7532 1.66257 33.8355 1.53606 33.9563C1.40955 34.0771 1.32002 34.2314 1.27792 34.4012C1.24565 34.5349 0.521978 37.6278 2.57315 41.9744C4.33393 45.6619 6.39432 47.077 7.8094 47.5886C7.95625 47.6412 8.11405 47.6557 8.26803 47.6307C8.422 47.6057 8.56712 47.5421 8.68979 47.4457C8.68979 47.4457 9.84674 46.5239 10.7317 46.0076C11.3171 45.6527 12.7414 45.4268 16.2261 46.3948C19.4502 47.2527 22.7641 47.7277 26.0994 47.8099C27.3982 47.8522 28.6948 47.6746 29.9344 47.2844C33.5712 45.9016 42.4212 41.2922 45.9013 39.4024C47.745 38.3975 48.7499 37.3143 48.9803 36.0882C49.0553 35.5996 49.017 35.1002 48.8684 34.6286C48.7197 34.1571 48.4647 33.726 48.123 33.3687ZM47.1642 35.7518C47.049 36.374 46.2839 37.0977 45.0163 37.7891C42.0939 39.3886 32.9028 44.2053 29.2845 45.5651C26.7447 46.5146 20.3515 45.6296 16.7193 44.6432C15.2681 44.1875 13.7634 43.924 12.2436 43.8596C11.3816 43.818 10.5249 44.0158 9.76838 44.4312C9.14612 44.8092 8.43628 45.3254 7.98917 45.6573C6.60635 44.9659 5.29268 43.3987 4.23713 41.177C3.32576 39.3787 2.89993 37.3735 3.00182 35.36C4.97228 34.7847 6.90961 34.1015 8.80503 33.3134L9.3351 33.0968C11.9913 31.8968 14.8652 31.2536 17.7795 31.2069C19.1876 31.1704 20.5861 31.4491 21.8726 32.0228C23.2305 32.6182 24.6951 32.9318 26.1778 32.9446C27.0471 32.9177 27.9124 32.8144 28.7636 32.6358C31.3034 32.1749 33.0181 32.0043 33.7003 33.5577C33.8167 33.7967 33.8829 34.057 33.8948 34.3226C33.9067 34.5882 33.864 34.8534 33.7694 35.1018C33.5113 35.7379 32.8475 36.3187 31.8058 36.7889C30.8839 37.1761 30.1925 37.4757 29.8883 37.5955C27.9339 38.3607 26.2515 38.0933 24.6244 37.8352L23.7302 37.6969C23.4857 37.6639 23.2381 37.7294 23.0419 37.8789C22.8456 38.0285 22.7169 38.2498 22.6839 38.4943C22.6508 38.7388 22.7163 38.9864 22.8659 39.1826C23.0154 39.3789 23.2368 39.5077 23.4813 39.5407C23.7624 39.5775 24.0482 39.6236 24.334 39.6697C26.1178 39.9509 28.1367 40.2689 30.5613 39.324C30.8424 39.2134 31.4048 38.9783 32.1515 38.6557C32.2898 38.6003 32.4235 38.545 32.5525 38.4851L33.7417 37.9781C36.7424 36.6875 40.854 34.9175 42.2046 34.475C44.3479 33.7697 45.8506 33.5531 46.7125 34.5579C47.2703 35.2125 47.1919 35.6181 47.1642 35.7518ZM25.5002 10.5615V11.783C25.1806 11.8558 24.871 11.9672 24.5783 12.1149C24.1087 12.3513 23.712 12.7107 23.4303 13.1546C23.1487 13.5986 22.9927 14.1106 22.9789 14.6362C22.9143 16.6597 24.735 17.3373 26.0625 17.8305C27.6113 18.4067 28.0814 18.7017 28.0123 19.4392C27.9983 19.6901 27.9103 19.9313 27.7593 20.1323C27.6084 20.3333 27.4013 20.4851 27.1642 20.5685C26.7205 20.7378 26.2444 20.805 25.7712 20.7651C25.298 20.7252 24.8399 20.5792 24.4308 20.338C24.3355 20.2629 24.2263 20.2074 24.1095 20.1745C23.9927 20.1417 23.8705 20.1321 23.7501 20.1465C23.6296 20.1608 23.5131 20.1988 23.4073 20.2581C23.3014 20.3175 23.2083 20.3971 23.1333 20.4924C23.0582 20.5878 23.0027 20.6969 22.9698 20.8137C22.9369 20.9306 22.9274 21.0527 22.9417 21.1732C22.9561 21.2937 22.994 21.4101 23.0534 21.516C23.1127 21.6218 23.1923 21.7149 23.2877 21.79C23.9369 22.256 24.703 22.5321 25.5002 22.5874V23.689C25.5002 23.9335 25.5973 24.168 25.7702 24.3409C25.9431 24.5138 26.1776 24.6109 26.4221 24.6109C26.6666 24.6109 26.901 24.5138 27.0739 24.3409C27.2468 24.168 27.3439 23.9335 27.3439 23.689V22.4491C27.5368 22.4002 27.7262 22.3386 27.9109 22.2647C28.4522 22.051 28.9227 21.6898 29.269 21.2222C29.6153 20.7545 29.8234 20.199 29.8699 19.6189C30.0911 17.3511 28.0676 16.5998 26.7309 16.102C25.2974 15.5719 24.8226 15.2954 24.841 14.6961C24.8458 14.4944 24.9071 14.298 25.0179 14.1293C25.1287 13.9607 25.2846 13.8265 25.4679 13.742C25.8931 13.5575 26.3575 13.4816 26.8193 13.521C27.2811 13.5605 27.7259 13.714 28.1137 13.9679C28.2163 14.0362 28.3316 14.0834 28.4527 14.1064C28.5739 14.1294 28.6984 14.1279 28.819 14.102C28.9395 14.076 29.0537 14.0262 29.1546 13.9553C29.2555 13.8845 29.3412 13.7941 29.4066 13.6896C29.472 13.585 29.5157 13.4684 29.5353 13.3466C29.5548 13.2249 29.5497 13.1004 29.5202 12.9807C29.4908 12.8609 29.4376 12.7483 29.3639 12.6495C29.2901 12.5506 29.1973 12.4676 29.0909 12.4053C28.557 12.0721 27.9639 11.8451 27.3439 11.7369V10.5615C27.3439 10.317 27.2468 10.0825 27.0739 9.90966C26.901 9.73677 26.6666 9.63965 26.4221 9.63965C26.1776 9.63965 25.9431 9.73677 25.7702 9.90966C25.5973 10.0825 25.5002 10.317 25.5002 10.5615Z\" fill=\"\"><\/path>\n<path d=\"M15.3594 17.125C15.3594 19.313 16.0082 21.4518 17.2237 23.271C18.4393 25.0902 20.167 26.5081 22.1884 27.3454C24.2098 28.1827 26.4341 28.4018 28.5801 27.9749C30.726 27.5481 32.6971 26.4945 34.2442 24.9474C35.7914 23.4003 36.845 21.4291 37.2718 19.2832C37.6987 17.1373 37.4796 14.913 36.6423 12.8916C35.805 10.8702 34.3871 9.14243 32.5679 7.92687C30.7487 6.7113 28.6098 6.0625 26.4219 6.0625C23.4879 6.0625 20.6741 7.22801 18.5995 9.30263C16.5249 11.3773 15.3594 14.191 15.3594 17.125ZM35.6406 17.125C35.6406 18.9483 35.1 20.7306 34.087 22.2467C33.074 23.7627 31.6342 24.9443 29.9497 25.642C28.2652 26.3398 26.4116 26.5223 24.6234 26.1666C22.8351 25.8109 21.1925 24.9329 19.9032 23.6436C18.614 22.3544 17.736 20.7118 17.3803 18.9235C17.0246 17.1352 17.2071 15.2816 17.9049 13.5971C18.6026 11.9126 19.7842 10.4729 21.3002 9.45989C22.8162 8.44692 24.5986 7.90625 26.4219 7.90625C28.8668 7.90625 31.2117 8.87751 32.9405 10.6064C34.6694 12.3352 35.6406 14.68 35.6406 17.125Z\" fill=\"\"><\/path>\n<\/svg>","width_icon":50,"color_svg":"#222222","title":"Shipping Worldwide","size_title":18,"color_title":"#222222","description":"Lorem ipsum dolor sit amet, consectetur<br>\nadipiscing elit","size_description":14,"color_description":"#666666","button":"","button_link":"","align":"center","padding_content":"22px 15px 0","padding_image":"0 15px | | | 0 15px 50px","width_image":"33.3333% | | | 100%"}},"9ac9df19-58e9-43b0-aeff-775de3d2ea13":{"type":"image","settings":{"type_image":"svg","svg":"<svg xmlns=\"http:\/\/www.w3.org\/2000\/svg\" width=\"100%\" height=\"100%\" viewbox=\"0 0 41 45\" fill=\"none\">\n<path d=\"M20.1901 44.4459C20.3043 44.4866 20.4255 44.5043 20.5467 44.498C20.6678 44.4918 20.7865 44.4616 20.8959 44.4093C29.5309 40.2659 35.5268 34.7723 38.7205 28.0853C39.9947 25.4196 40.6666 22.39 40.6666 19.3256V10.5833C40.6666 10.3402 40.57 10.1071 40.3981 9.93515C40.2262 9.76324 39.993 9.66667 39.7499 9.66667C35.2014 9.66667 31.4999 5.96517 31.4999 1.41667C31.4999 1.17355 31.4033 0.940394 31.2314 0.768486C31.0595 0.596577 30.8264 0.5 30.5833 0.5H10.4166C10.1735 0.5 9.94031 0.596577 9.7684 0.768486C9.5965 0.940394 9.49992 1.17355 9.49992 1.41667C9.49992 5.96517 5.79842 9.66667 1.24992 9.66667C1.0068 9.66667 0.773646 9.76324 0.601738 9.93515C0.429829 10.1071 0.333252 10.3402 0.333252 10.5833V19.8078C0.333252 22.1233 0.690752 24.3251 1.39383 26.3509C4.38309 34.9529 10.7072 41.0423 20.1901 44.4459ZM2.16659 19.8078V11.4588C6.99742 11.0215 10.8548 7.16417 11.292 2.33333H29.7078C30.1451 7.16417 34.0024 11.0215 38.8333 11.4588V19.3256C38.8333 22.1187 38.2218 24.8742 37.0668 27.2942C34.0996 33.5073 28.5098 38.6517 20.4495 42.5897C11.5945 39.319 5.92584 33.808 3.12542 25.7487C2.48925 23.9172 2.16659 21.9188 2.16659 19.8078Z\" fill=\"\"><\/path>\n<path d=\"M13.7781 30.75C13.953 30.75 14.1242 30.6997 14.2713 30.6052L32.9108 18.6885C33.0151 18.625 33.1057 18.5413 33.1772 18.4423C33.2487 18.3433 33.2998 18.231 33.3273 18.112C33.3548 17.993 33.3583 17.8698 33.3375 17.7494C33.3167 17.6291 33.2721 17.5141 33.2062 17.4112C33.1404 17.3084 33.0547 17.2197 32.9541 17.1504C32.8535 17.0812 32.7401 17.0327 32.6205 17.0079C32.5009 16.9831 32.3776 16.9824 32.2577 17.0059C32.1379 17.0294 32.0239 17.0767 31.9226 17.1448L13.9917 28.6087C12.9989 27.3226 10.8677 24.5652 10.2132 23.7567C10.0603 23.5677 9.83852 23.4472 9.59673 23.4217C9.35494 23.3961 9.11292 23.4677 8.92389 23.6206C8.73487 23.7735 8.61434 23.9953 8.58881 24.2371C8.56328 24.4789 8.63485 24.7209 8.78777 24.9099C9.61918 25.9366 13.0182 30.3485 13.053 30.3925C13.2318 30.6262 13.5022 30.75 13.7781 30.75Z\" fill=\"\"><\/path>\n<\/svg>","width_icon":50,"color_svg":"#222222","title":"Security Payment","size_title":18,"color_title":"#222222","description":"Lorem ipsum dolor sit amet, consectetur<br>\nadipiscing elit","size_description":14,"color_description":"#666666","button":"","button_link":"","align":"center","padding_content":"22px 15px 0","padding_image":"0 15px","width_image":"33.3333% | | | 100%"}}},"block_order":["1c5a801a-231a-42a9-886b-7e3fbdf3e709","ae1bb492-3a22-47ac-8439-e09ab2fbf53e","9ac9df19-58e9-43b0-aeff-775de3d2ea13"],"settings":{"bg-color":"rgba(0,0,0,0)","max_width":"","fullwidth":false,"padding":"","margin":"0 0 85px | 0 0 50px"}},"banner-2":{"type":"featured-banner","blocks":{"b7c161e1-b751-4c48-907e-968279a9b5ad":{"type":"image","settings":{"title":"banner-1","image":"shopify:\/\/shop_images\/6-5.jpg","content_position":"absolute","vertical_position":"bottom","horizontal_position":"right","text_align":"right","padding_content":"0 55px 44px","padding_image":"0 15px | 0 7.5px | | 0 7.5px 15px","width_image":"50% | | | 100%"}},"f373a833-f9b4-4987-8b12-4afde8e6e3c8":{"type":"title","settings":{"banner_name":"banner-1","title":"Luxury Wedding Jewelry","font":"","color":"#222222","font_size":30,"line_height":40,"letter_spacing":0,"font_weight":"500","margin":"0px 0px 0px 0px","color_mobi":"#000","font_size_mobi":14,"line_height_mobi":18,"letter_spacing_mobi":0,"margin_mobi":"0px 0px 0px 0px"}},"3eab4b99-80c8-4285-bf33-08205ecd94e1":{"type":"image","settings":{"title":"banner-2","image":"shopify:\/\/shop_images\/6-6.jpg","content_position":"absolute","vertical_position":"bottom","horizontal_position":"right","text_align":"right","padding_content":"0 55px 44px","padding_image":"0 15px | 0 7.5px","width_image":"50% | | | 100%"}},"800f5b70-eefc-4c17-9e13-7b2ca6191ee8":{"type":"title","settings":{"banner_name":"banner-2","title":"Bridal Jewelry Set","font":"","color":"#ffffff","font_size":30,"line_height":40,"letter_spacing":0,"font_weight":"500","margin":"0px 0px 0px 0px","color_mobi":"#000","font_size_mobi":14,"line_height_mobi":18,"letter_spacing_mobi":0,"margin_mobi":"0px 0px 0px 0px"}}},"block_order":["b7c161e1-b751-4c48-907e-968279a9b5ad","f373a833-f9b4-4987-8b12-4afde8e6e3c8","3eab4b99-80c8-4285-bf33-08205ecd94e1","800f5b70-eefc-4c17-9e13-7b2ca6191ee8"],"settings":{"show":true,"max_width":"","fullwidth":false,"padding":"0 | 7.5px","margin":"0 0 30px | | | 0 0 15px","effect":"effect-one","layout":"layout-2"}},"newsletter":{"type":"featured-newsletter","blocks":{"8b09e6f1-b116-47c3-8e0c-c234be458e00":{"type":"title","settings":{"title":"NEWSLETTER","font":"Playfair Display","color":"#ffffff","font_size":30,"line_height":50,"letter_spacing":0,"font_weight":"400","margin":"0px 0px 14px 0px","align":"center","color_mobi":"#ffffff","font_size_mobi":20,"line_height_mobi":30,"letter_spacing_mobi":0,"margin_mobi":"0px 0px 10px 0px","align_mobi":"center"}},"e94a513a-10fd-4fba-a0d0-e30b1ccfacc8":{"type":"desc","settings":{"desc":"Sign-up to receive 10% off your next purchase. Plus hear about new arrivals and offers.","font":"","color":"#ffffff","font_size":14,"line_height":24,"font_weight":"400","margin":"0px 0px 45px 0px","align":"center","color_mobi":"#ffffff","font_size_mobi":14,"line_height_mobi":24,"margin_mobi":"0px 0px 30px 0px","align_mobi":"center"}}},"block_order":["8b09e6f1-b116-47c3-8e0c-c234be458e00","e94a513a-10fd-4fba-a0d0-e30b1ccfacc8"],"settings":{"background_color":"#000000","bg_fixed":true,"bg_position":"center","bg_size":"cover","bg_width":"content","max_width":"685px","fullwidth":false,"padding":"75px 0 90px","margin":"0","mailchimp":false,"form_action":""}}},"order":["slideshow","featured-title","banner","product-tabs","single-banner","featured-brand","banner-video","testimonials","line","policy","banner-2","newsletter"]}