{"sections":{"breadcrumb":{"type":"page-breadcrumb","settings":{"enable":false,"bgimage":false}},"main":{"type":"main-page","settings":{"enable":false,"padding_top":28,"padding_bottom":28}},"background":{"type":"about-background-image","blocks":{"b0d2e5d9-f729-4105-874d-39d508ae9b5e":{"type":"title","settings":{"title":"ABOUT US","color":"#000000","font_size":40,"line_height":40,"letter_spacing":0,"font_weight":"500","margin":"0px 0px 0px 0px","align":"left","color_mobi":"#000000","font_size_mobi":30,"line_height_mobi":30,"letter_spacing_mobi":0,"margin_mobi":"0px 0px 0px 0px","align_mobi":"left"}}},"block_order":["b0d2e5d9-f729-4105-874d-39d508ae9b5e"],"settings":{"max_width":"","fullwidth":false,"padding":"460px 0 110px | 350px 0 80px | 280px 0 80px","margin":"0 0 125px","background":"shopify:\/\/shop_images\/About_us.jpg","background_fixed":true,"background_size":"cover","background_pos":"center center"}},"video":{"type":"about-video","blocks":{"8d1ca815-3942-449e-b85d-18705271318f":{"type":"title","settings":{"title":"SPECIAL FASHION","font":"","color":"#666666","font_size":14,"line_height":18,"letter_spacing":5,"font_weight":"400","margin":"0px 0px 15px 0px","align":"left","color_mobi":"#666666","font_size_mobi":14,"line_height_mobi":18,"letter_spacing_mobi":2,"margin_mobi":"30px 0px 5px 0px","align_mobi":"left"}},"4d9a7093-68f5-4deb-9c90-6f8816d651d0":{"type":"title","settings":{"title":"WHO WE ARE?","font":"","color":"#000000","font_size":30,"line_height":35,"letter_spacing":0,"font_weight":"500","margin":"0px 0px 30px 0px","align":"left","color_mobi":"#000000","font_size_mobi":25,"line_height_mobi":30,"letter_spacing_mobi":0,"margin_mobi":"0px 0px 20px 0px","align_mobi":"left"}},"5ad4b757-50b6-432d-aa18-8cd5e43d4346":{"type":"title","settings":{"title":"Fusce blandit, leo eu pellentesque convallis, velit neque porttitor dui, a tristique ipsum lacus \nut leo. Integer congue risus ac tristique porttitor. In erat justo, luctus mattis vestibulum sed, \nrhoncus et justo.","font":"","color":"#666666","font_size":14,"line_height":28,"letter_spacing":0,"font_weight":"400","margin":"0px 0px 5px 0px","align":"left","color_mobi":"#666666","font_size_mobi":14,"line_height_mobi":28,"letter_spacing_mobi":0,"margin_mobi":"0px 0px 5px 0px","align_mobi":"left"}},"e9f3be6d-2520-4f2e-a775-ea7b5c35a456":{"type":"title","settings":{"title":"Curabitur hendrerit arcu a ante egestas, nec dignissim sem maximus. Nunc eu purus at \nodio commodo lobortis a nec augue. Maecenas bibendum, erat sed mollis tempor, odio \nest ornare lorem, non convallis neque ligula vitae dui.","font":"","color":"#666666","font_size":14,"line_height":24,"letter_spacing":0,"font_weight":"400","margin":"0px 0px 0px 0px","align":"left","color_mobi":"#666666","font_size_mobi":14,"line_height_mobi":28,"letter_spacing_mobi":0,"margin_mobi":"0px 0px 0px 0px","align_mobi":"left"}}},"block_order":["8d1ca815-3942-449e-b85d-18705271318f","4d9a7093-68f5-4deb-9c90-6f8816d651d0","5ad4b757-50b6-432d-aa18-8cd5e43d4346","e9f3be6d-2520-4f2e-a775-ea7b5c35a456"],"settings":{"max_width":"","fullwidth":false,"padding":"0 | 0 7.5px","margin":"0 0 125px | | | 0 0 90px","image":"shopify:\/\/shop_images\/about2.jpg","video_url":"","position":"left"}},"policy":{"type":"about-policy","blocks":{"a036ba28-73fe-424f-a555-24aed79b0c83":{"type":"image","settings":{"type_image":"svg","svg":"<svg xmlns=\"http:\/\/www.w3.org\/2000\/svg\" version=\"1.1\" width=\"100%\" height=\"100%\" x=\"0\" y=\"0\" viewbox=\"0 0 128 128\" style=\"enable-background:new 0 0 512 512\" xmlns:xlink=\"http:\/\/www.w3.org\/1999\/xlink\" xmlns:svgjs=\"http:\/\/svgjs.com\/svgjs\" xml:space=\"preserve\"><g><path d=\"m14.227 89.655c-.736-1.442-1.417-2.931-2.026-4.426a1.5 1.5 0 1 0 -2.779 1.13c.64 1.575 1.358 3.142 2.133 4.66a1.5 1.5 0 0 0 2.672-1.364z\" data-original=\"#000000\"><\/path><path d=\"m10.559 80.646c-.482-1.547-.9-3.131-1.247-4.708a1.5 1.5 0 0 0 -2.93.643c.364 1.66.805 3.327 1.311 4.956a1.5 1.5 0 0 0 2.866-.891z\" data-original=\"#000000\"><\/path><path d=\"m7.178 72.826a1.5 1.5 0 0 0 1.291-1.683c-.212-1.6-.358-3.23-.436-4.853a1.481 1.481 0 0 0 -1.569-1.427 1.5 1.5 0 0 0 -1.427 1.57c.081 1.707.235 3.423.457 5.1a1.5 1.5 0 0 0 1.684 1.291z\" data-original=\"#000000\"><\/path><path d=\"m33.4 111.312c-1.341-.906-2.66-1.878-3.921-2.894a1.5 1.5 0 1 0 -1.88 2.338c1.326 1.066 2.712 2.091 4.124 3.042a1.5 1.5 0 0 0 2.082-.4 1.5 1.5 0 0 0 -.405-2.086z\" data-original=\"#000000\"><\/path><path d=\"m16.621 93.9a1.5 1.5 0 1 0 -2.547 1.584c.9 1.443 1.868 2.867 2.886 4.233a1.5 1.5 0 1 0 2.406-1.793c-.966-1.304-1.891-2.657-2.745-4.024z\" data-original=\"#000000\"><\/path><path d=\"m22.437 101.7a1.5 1.5 0 1 0 -2.246 1.989c1.131 1.276 2.328 2.517 3.557 3.69a1.5 1.5 0 1 0 2.07-2.17c-1.169-1.118-2.306-2.299-3.381-3.509z\" data-original=\"#000000\"><\/path><path d=\"m65.584 2.9a60.737 60.737 0 0 0 -49.584 25.744 1.5 1.5 0 0 0 2.453 1.728 57.6 57.6 0 1 1 23.447 85.682c-1.47-.664-2.934-1.4-4.35-2.192a1.5 1.5 0 1 0 -1.463 2.619c1.491.832 3.031 1.609 4.579 2.307a60.621 60.621 0 1 0 24.918-115.888z\" data-original=\"#000000\"><\/path><path d=\"m16.451 34.611a4.177 4.177 0 0 1 -4.115-3.506l-1.248-7.749a1.5 1.5 0 0 1 2.961-.476l1.251 7.748a1.177 1.177 0 0 0 1.342.969l7.748-1.248a1.5 1.5 0 0 1 .476 2.961l-7.748 1.248a4.156 4.156 0 0 1 -.667.053z\" data-original=\"#000000\"><\/path><path d=\"m104.324 37.894-36.447-19.207a4.8 4.8 0 0 0 -4.487 0l-36.449 19.207a4.8 4.8 0 0 0 -2.569 4.257v42.725a4.8 4.8 0 0 0 2.569 4.258l36.449 19.207a4.812 4.812 0 0 0 4.487 0l36.447-19.207a4.8 4.8 0 0 0 2.57-4.258v-42.725a4.8 4.8 0 0 0 -2.57-4.257zm-52.91 12.306a4.789 4.789 0 0 0 -2.64 4.294v17.14a.135.135 0 0 1 -.1.145.132.132 0 0 1 -.171-.037l-3.278-3.422a3.179 3.179 0 0 0 -2.946-.9l-2.139.461a.157.157 0 0 1 -.189-.153v-19.216a1.8 1.8 0 0 1 .994-1.617l37.76-19.111 8.328 4.389zm13.374-28.86a1.815 1.815 0 0 1 1.691 0l8.972 4.728-35.858 18.15a4.779 4.779 0 0 0 -1.007.688l-9.445-4.781zm-.655 84-35.793-18.861a1.806 1.806 0 0 1 -.968-1.6v-42.287l9.7 4.908a4.787 4.787 0 0 0 -.118 1.012v19.213a3.157 3.157 0 0 0 3.82 3.086l2.139-.46a.144.144 0 0 1 .147.045l3.28 3.422a3.156 3.156 0 0 0 5.435-2.183v-16.692l11.687 5.914a4.633 4.633 0 0 0 .672.272zm.683-47.159-11.263-5.7 36.734-18.593 11.839 6.238-35.673 18.056a1.822 1.822 0 0 1 -1.637 0zm39.078 26.694a1.808 1.808 0 0 1 -.968 1.6l-35.793 18.867v-44.212a4.731 4.731 0 0 0 .676-.273l36.085-18.264z\" data-original=\"#000000\"><\/path><\/g><\/svg>","width_icon":50,"color_svg":"#000000","title":"Free In - App Shipping","size_title":16,"color_title":"#000000","description":"","size_description":15,"color_description":"#000000","align":"left","padding_content":"0 0 0 15px","padding_image":"60px 15px | | | 40px 15px 60px","width_image":"33.33% | | | 100%"}},"4acee9c0-a97e-49b6-be7d-ef1eb439040e":{"type":"image","settings":{"type_image":"svg","svg":"<svg xmlns=\"http:\/\/www.w3.org\/2000\/svg\" version=\"1.1\" width=\"100%\" height=\"100%\" x=\"0\" y=\"0\" viewbox=\"0 0 74 74\" style=\"enable-background:new 0 0 512 512\" xmlns:xlink=\"http:\/\/www.w3.org\/1999\/xlink\" xmlns:svgjs=\"http:\/\/svgjs.com\/svgjs\" xml:space=\"preserve\"><g><path d=\"M28.726,72a4.13,4.13,0,0,1-1.066-.137c-1.931-.516-3.118-2.317-4.266-4.059a9.459,9.459,0,0,0-2.489-2.925,9.558,9.558,0,0,0-3.842-.718C15,64.035,12.87,63.9,11.484,62.517S9.966,59,9.839,56.938A9.574,9.574,0,0,0,9.12,53.1a9.44,9.44,0,0,0-2.926-2.49c-1.742-1.148-3.543-2.335-4.058-4.266-.5-1.852.445-3.739,1.354-5.565A9.7,9.7,0,0,0,4.813,37,9.706,9.706,0,0,0,3.49,33.225C2.581,31.4,1.641,29.512,2.136,27.66c.515-1.931,2.317-3.118,4.058-4.266A9.439,9.439,0,0,0,9.12,20.905a9.575,9.575,0,0,0,.718-3.842c.128-2.061.259-4.192,1.645-5.579S15,9.966,17.062,9.839A9.574,9.574,0,0,0,20.9,9.12,9.46,9.46,0,0,0,23.394,6.2c1.148-1.742,2.335-3.543,4.266-4.059,1.846-.491,3.739.445,5.566,1.354A9.7,9.7,0,0,0,37,4.813,9.7,9.7,0,0,0,40.774,3.49c1.827-.909,3.72-1.845,5.566-1.354,1.931.516,3.118,2.317,4.266,4.059A9.459,9.459,0,0,0,53.1,9.12a9.558,9.558,0,0,0,3.842.718c2.061.127,4.193.259,5.579,1.645S64.034,15,64.161,17.062A9.574,9.574,0,0,0,64.88,20.9a9.44,9.44,0,0,0,2.926,2.49c1.742,1.148,3.543,2.335,4.058,4.266.495,1.852-.445,3.739-1.354,5.565A9.7,9.7,0,0,0,69.187,37a9.706,9.706,0,0,0,1.323,3.775c.909,1.826,1.849,3.713,1.354,5.565-.515,1.931-2.317,3.118-4.058,4.266A9.439,9.439,0,0,0,64.88,53.1a9.575,9.575,0,0,0-.718,3.842c-.128,2.061-.259,4.192-1.645,5.579S59,64.034,56.938,64.161a9.574,9.574,0,0,0-3.842.719,9.46,9.46,0,0,0-2.49,2.925c-1.148,1.742-2.335,3.543-4.266,4.059-1.846.492-3.739-.445-5.566-1.354A9.7,9.7,0,0,0,37,69.187a9.7,9.7,0,0,0-3.774,1.323A10.725,10.725,0,0,1,28.726,72Zm0-68a2.132,2.132,0,0,0-.553.068c-1.2.32-2.17,1.8-3.114,3.227a10.676,10.676,0,0,1-3.156,3.556,10.837,10.837,0,0,1-4.72.984c-1.768.109-3.437.212-4.289,1.063s-.954,2.521-1.063,4.289a10.836,10.836,0,0,1-.983,4.72A10.686,10.686,0,0,1,7.3,25.063c-1.43.943-2.907,1.917-3.228,3.113-.3,1.121.436,2.6,1.213,4.157A11,11,0,0,1,6.813,37,11,11,0,0,1,5.28,41.667C4.5,43.229,3.769,44.7,4.067,45.824c.321,1.2,1.8,2.17,3.228,3.113a10.69,10.69,0,0,1,3.556,3.157,10.837,10.837,0,0,1,.984,4.72c.109,1.768.212,3.437,1.063,4.289s2.521.954,4.289,1.063a10.822,10.822,0,0,1,4.72.983,10.686,10.686,0,0,1,3.156,3.556c.943,1.429,1.917,2.907,3.113,3.227,1.121.3,2.6-.434,4.158-1.212A10.993,10.993,0,0,1,37,67.187a10.993,10.993,0,0,1,4.666,1.533c1.562.778,3.039,1.512,4.158,1.212,1.2-.32,2.17-1.8,3.114-3.227a10.676,10.676,0,0,1,3.156-3.556,10.837,10.837,0,0,1,4.72-.984c1.768-.109,3.437-.212,4.289-1.063s.954-2.521,1.063-4.289a10.836,10.836,0,0,1,.983-4.72,10.686,10.686,0,0,1,3.556-3.156c1.43-.943,2.907-1.917,3.228-3.113.3-1.121-.436-2.6-1.213-4.157A11,11,0,0,1,67.187,37a11,11,0,0,1,1.533-4.667c.777-1.562,1.511-3.036,1.213-4.157-.321-1.2-1.8-2.17-3.228-3.113a10.69,10.69,0,0,1-3.556-3.157,10.837,10.837,0,0,1-.984-4.72c-.109-1.768-.212-3.437-1.063-4.289s-2.521-.954-4.289-1.063a10.822,10.822,0,0,1-4.72-.983A10.686,10.686,0,0,1,48.937,7.3c-.943-1.429-1.917-2.907-3.113-3.227-1.12-.3-2.595.434-4.158,1.212A10.993,10.993,0,0,1,37,6.813,10.993,10.993,0,0,1,32.334,5.28,9.35,9.35,0,0,0,28.729,4Z\" fill=\"#000000\" data-original=\"#000000\"><\/path><path d=\"M44.972,51.031a5.77,5.77,0,1,1,4.294-9.62h0a5.767,5.767,0,0,1-4.294,9.62Zm0-9.537a3.769,3.769,0,1,0,2.809,1.252A3.753,3.753,0,0,0,44.968,41.494Z\" fill=\"#000000\" data-original=\"#000000\"><\/path><path d=\"M29.033,34.505a5.77,5.77,0,1,1,4.294-9.62h0a5.767,5.767,0,0,1-4.294,9.62Zm0-9.537a3.769,3.769,0,1,0,2.81,1.252h0A3.767,3.767,0,0,0,29.029,24.968Z\" fill=\"#000000\" data-original=\"#000000\"><\/path><path d=\"M23.673,50.984a1,1,0,0,1-.7-1.716L49.629,23.3a1,1,0,0,1,1.4,1.433L24.371,50.7A1,1,0,0,1,23.673,50.984Z\" fill=\"#000000\" data-original=\"#000000\"><\/path><\/g><\/svg>","width_icon":50,"color_svg":"#000000","title":"Students get 20% off","size_title":16,"color_title":"#000000","description":"","size_description":15,"color_description":"#000000","align":"left","padding_content":"0 0 0 15px","padding_image":"60px 15px | | | 40px 15px 60px","width_image":"33.33% | | | 100%"}},"2e6deb33-dcc3-4d7c-8a58-917ece0245a9":{"type":"image","settings":{"type_image":"svg","svg":"<svg xmlns=\"http:\/\/www.w3.org\/2000\/svg\" version=\"1.1\" width=\"100%\" height=\"100%\" x=\"0\" y=\"0\" viewbox=\"0 0 512 512\" style=\"enable-background:new 0 0 512 512\" xmlns:xlink=\"http:\/\/www.w3.org\/1999\/xlink\" xmlns:svgjs=\"http:\/\/svgjs.com\/svgjs\" xml:space=\"preserve\"><g><g><g><path d=\"m498.667 366.464c-9.551-14.036-25.752-17.463-43.352-9.181l-9.328 4.107c14.708-31.35 16.533-66.297 9.211-99.307-8.409-37.913-28.72-74.641-60.368-109.164-2.798-3.053-7.541-3.259-10.595-.46-3.053 2.798-3.259 7.541-.46 10.595 29.846 32.556 48.95 66.967 56.782 102.276 8.249 37.193 3.45 75.549-17.601 106.2l-93.342 41.099.077-10.542c.002-.266-.01-.532-.037-.797-2.155-21.667-18.717-38.93-40.276-41.98-.064-.01-.128-.018-.193-.025l-82.961-9.552c-31.901-4.541-40.117-23.658-83.321-34.559-2.985-25.33.994-52.299 11.9-79.336 16.425-40.718 48.558-80.278 93.104-114.711 16.603 11.772 90.676 13.237 107.252-1.949 8.492 6.449 16.597 13.095 24.147 19.822 1.429 1.274 3.211 1.9 4.986 1.9 2.064 0 4.12-.847 5.601-2.51 2.755-3.092 2.481-7.832-.611-10.587-8.276-7.373-17.178-14.648-26.515-21.679 2.188-9.278-.874-20.137-8.954-26.601 23.479-35.612 30.308-58.921 20.875-71.133-6.479-8.389-14.539-4.452-17.981-2.77-5.834 2.848-9.015 2.998-14.383-.514-10.241-6.701-21.005-6.917-31.576 0-5.436 3.557-9.717 3.557-15.151 0-10.242-6.701-21.002-6.917-31.575 0-5.43 3.554-8.623 3.334-14.365.48-3.438-1.709-11.489-5.711-18.009 2.679-9.221 11.868-3.052 34.442 18.843 68.843-1.341.725-2.619 1.576-3.812 2.548-8.708-9.196-22.975-18.787-43.607-16.483-17.113 1.915-29.732-3.74-37.306-8.82-3.44-2.304-8.098-1.386-10.404 2.052-2.306 3.44-1.387 8.098 2.052 10.404 9.655 6.473 25.701 13.679 47.322 11.268 15.94-1.788 26.756 6.358 33.489 14.648-.092.32-.177.642-.256.964-5.743.09-14.326.626-23.778 2.592-22.732 4.729-39.606 15.532-48.799 31.244-2.091 3.574-.889 8.168 2.685 10.26 3.575 2.091 8.168.888 10.259-2.686 13.674-23.369 47.051-26.227 60.308-26.406.057.165.124.328.184.492-47.308 36.493-80.244 77.19-97.932 121.04-11.18 27.717-15.646 55.485-13.379 81.874-7.191-1.064-14.465-1.635-21.774-1.685v-4.535c0-11.999-9.762-21.76-21.761-21.76h-34.424c-11.999 0-21.761 9.762-21.761 21.76v174.644c0 12 9.762 21.761 21.761 21.761h34.423c11.999 0 21.761-9.762 21.761-21.761v-2.136l75.091 27.949c10.091 3.755 20.667 5.66 31.434 5.66h111.886c17.106 0 33.785-4.84 48.233-13.995 149.259-94.62 140.195-88.733 141.057-89.497 12.023-10.672 14.269-28.746 5.224-42.04zm-177.58-256.172c-27.422 6.924-54.084 6.924-81.512 0-11.769-2.975-8.359-23.965 4.289-20.793 24.538 6.16 48.394 6.16 72.934 0 12.428-3.12 16.247 17.771 4.289 20.793zm-98.279-91.361c.059.029.118.059.174.087 10.149 5.044 19.042 5.318 29.251-1.361 12.776-8.363 14.163 5.046 30.938 5.046 8.076 0 12.533-2.916 15.787-5.046 5.437-3.558 9.719-3.556 15.155 0 10.254 6.71 18.932 6.379 29.376 1.342 1.543 5.562-1.949 22.143-24.185 55.249-11.042-.188-27.066 10.657-72.428.562-22.188-33.534-25.619-50.276-24.068-55.879zm261.085 377.99-139.534 88.417c-12.043 7.631-25.946 11.666-40.205 11.666h-111.886c-8.975 0-17.791-1.588-26.203-4.719l-80.323-29.897v-80.755c0-4.142-3.357-7.499-7.498-7.499s-7.498 3.357-7.498 7.499v98.894c0 3.73-3.035 6.764-6.764 6.764h-34.424c-3.73 0-6.764-3.035-6.764-6.764v-174.644c0-3.73 3.034-6.763 6.764-6.763h34.423c3.73 0 6.764 3.034 6.764 6.763v40.694c0 4.142 3.357 7.499 7.498 7.499s7.498-3.357 7.498-7.499v-21.162c62.031.475 75.978 33.17 118.476 39.181.064.01.128.018.192.025l82.957 9.551c14.526 2.097 25.705 13.664 27.323 28.227l-.104 14.264h-77.365c-4.141 0-7.499 3.357-7.499 7.499s3.357 7.499 7.499 7.499h84.809c.947 0 2.041-.21 2.993-.625.153-.068 136.263-59.995 136.422-60.065 9.811-4.36 18.756-4.983 24.822 3.931 4.716 6.927 3.672 16.292-2.373 22.019z\" fill=\"#000000\" data-original=\"#000000\"><\/path><path d=\"m282.307 340.22c4.141 0 7.499-3.357 7.499-7.499v-12.43c21.051-3.416 33.334-20.455 36.006-36.351 3.338-19.857-7.063-37.126-26.497-43.995-3.434-1.214-6.594-2.375-9.51-3.496v-47.812c8.871 1.471 14.197 6.062 14.585 6.405 3.046 2.77 7.76 2.565 10.555-.465 2.808-3.044 2.616-7.788-.428-10.596-.529-.488-9.713-8.757-24.712-10.486v-10.664c0-4.142-3.357-7.499-7.499-7.499-4.141 0-7.498 3.357-7.498 7.499v11.27c-1.808.346-3.66.786-5.563 1.359-12.72 3.831-22.228 14.738-24.815 28.463-2.347 12.455 1.602 24.433 10.305 31.259 4.997 3.919 11.287 7.507 20.073 11.343v59.301c-8.672-.367-14.01-1.995-23.322-8.087-3.465-2.266-8.113-1.297-10.38 2.17-2.267 3.465-1.296 8.113 2.17 10.38 12.241 8.008 20.424 10.097 31.532 10.529v11.903c0 4.142 3.357 7.499 7.499 7.499zm-18.316-116.838c-4.281-3.358-6.13-9.75-4.823-16.681 1.212-6.428 5.631-14.238 14.403-16.88.417-.126.827-.234 1.237-.344v40.505c-4.49-2.242-8.011-4.399-10.817-6.6zm30.326 30.703c18.66 6.595 17.504 22.617 16.705 27.37-1.654 9.841-8.878 20.347-21.217 23.509v-52.504c1.46.534 2.951 1.073 4.512 1.625z\" fill=\"#000000\" data-original=\"#000000\"><\/path><\/g><\/g><\/g><\/svg>","width_icon":50,"color_svg":"#000000","title":"Shop styles, Earn points","size_title":16,"color_title":"#000000","description":"","size_description":15,"color_description":"#000000","align":"left","padding_content":"0 0 0 15px","padding_image":"60px 15px | | | 40px 15px 60px","width_image":"33.33% | | | 100%"}}},"block_order":["a036ba28-73fe-424f-a555-24aed79b0c83","4acee9c0-a97e-49b6-be7d-ef1eb439040e","2e6deb33-dcc3-4d7c-8a58-917ece0245a9"],"settings":{"max_width":"","fullwidth":false,"padding":"","margin":"0 0 125px"}},"ourteam":{"type":"about-ourteam","blocks":{"eaf5e18e-9a12-416d-af1c-11d246dce913":{"type":"ourteam","settings":{"image":"shopify:\/\/shop_images\/ourteam2.jpg","name":"JHON DOE","job":"Designer","desc":"Lorem ipsum dolor sit amet, consectetur adipiscing elit. Sed tempor \ntortor ac magna hendrerit, ut suscipit elit pharetra.","social_facebook_link":"#","social_twitter_link":"#","social_pinterest_link":"#","social_instagram_link":"#","social_snapchat_link":"","social_google_plus_link":"","social_tumblr_link":"","social_youtube_link":"","social_vimeo_link":"","social_tiktok_link":""}},"d0a6c0c6-96b9-4b3b-814a-f9c79d951460":{"type":"ourteam","settings":{"image":"shopify:\/\/shop_images\/ourteam1.jpg","name":"RARUTO","job":"Designer","desc":"Lorem ipsum dolor sit amet, consectetur adipiscing elit. Sed tempor \ntortor ac magna hendrerit, ut suscipit elit pharetra.","social_facebook_link":"#","social_twitter_link":"#","social_pinterest_link":"#","social_instagram_link":"#","social_snapchat_link":"","social_google_plus_link":"","social_tumblr_link":"","social_youtube_link":"","social_vimeo_link":"","social_tiktok_link":""}}},"block_order":["eaf5e18e-9a12-416d-af1c-11d246dce913","d0a6c0c6-96b9-4b3b-814a-f9c79d951460"],"settings":{"max_width":"","fullwidth":true,"padding":"","margin":"0 0 125px","title":"OUR TEAMS","banner":"shopify:\/\/shop_images\/about3.jpg","background":"#f8f5f4","navigation":true,"infinite":true,"autoplay":false,"autoplay_speed":"10000","columns":2,"column1440":2,"column1":1,"column2":1,"column3":1,"column4":1}},"banner":{"type":"about-single-banner","blocks":{"66854a8a-a3b2-4aaf-ad0f-0fe0b99212e4":{"type":"title","settings":{"title":"SUMMER COLLECTION","font":"","color":"#666666","font_size":14,"line_height":14,"letter_spacing":5,"font_weight":"400","margin":"0px 0px 15px 0px","align":"left","color_mobi":"#666666","font_size_mobi":14,"line_height_mobi":14,"letter_spacing_mobi":2,"margin_mobi":"0px 0px 15px 0px","align_mobi":"left"}},"072aa055-6784-4027-badd-642153c26b44":{"type":"title","settings":{"title":"Quisque ut leo vel nisl posuere lobortis. Praesent \nimperdiet nibh at velit elementum, at imperdiet\nligula tempus.","font":"","color":"#000000","font_size":25,"line_height":35,"letter_spacing":0,"font_weight":"500","margin":"0px 0px 0px 0px","align":"left","color_mobi":"#000000","font_size_mobi":20,"line_height_mobi":30,"letter_spacing_mobi":0,"margin_mobi":"0px 0px 20px 0px","align_mobi":"left"}}},"block_order":["66854a8a-a3b2-4aaf-ad0f-0fe0b99212e4","072aa055-6784-4027-badd-642153c26b44"],"settings":{"max_width":"","fullwidth":false,"padding":"0 | 0 7.5px","margin":"0 0 125px","image":"shopify:\/\/shop_images\/about4.jpg","effect":"none"}},"line":{"type":"featured-line","settings":{"max_width":"","fullwidth":false,"padding":"","margin":"0 0 40px | | | 0 0 20px","height":1,"background":"#e7e7e7"}},"brand":{"type":"featured-brands","blocks":{"ce0eb7df-51af-4597-851f-641f06f0c6c6":{"type":"brand","settings":{"image":"shopify:\/\/shop_images\/1.png","name":"Brand","url":"shopify:\/\/collections\/all"}},"2c451aa5-b2d5-41ae-90c8-b95368889f6e":{"type":"brand","settings":{"image":"shopify:\/\/shop_images\/2.png","name":"Brand","url":"shopify:\/\/collections\/all"}},"96f24b2b-66b3-4f32-af22-685e2408e184":{"type":"brand","settings":{"image":"shopify:\/\/shop_images\/3.png","name":"Brand","url":"shopify:\/\/collections\/all"}},"7e39e0f3-7349-43b1-9f2c-7aeb233ddd12":{"type":"brand","settings":{"image":"shopify:\/\/shop_images\/4.png","name":"Brand","url":"shopify:\/\/collections\/all"}},"1d7f066c-a88a-49a3-bbd0-9ac8b0ee0f4f":{"type":"brand","settings":{"image":"shopify:\/\/shop_images\/5.png","name":"Brand","url":"shopify:\/\/collections\/all"}}},"block_order":["ce0eb7df-51af-4597-851f-641f06f0c6c6","2c451aa5-b2d5-41ae-90c8-b95368889f6e","96f24b2b-66b3-4f32-af22-685e2408e184","7e39e0f3-7349-43b1-9f2c-7aeb233ddd12","1d7f066c-a88a-49a3-bbd0-9ac8b0ee0f4f"],"settings":{"show":true,"max_width":"","fullwidth":false,"padding":"","margin":"0 0 40px","title":"","navigation":true,"infinite":true,"autoplay":false,"autoplay_speed":"10000","columns":5,"column1440":5,"column1":4,"column2":3,"column3":2,"column4":2}},"instagram":{"type":"featured-instagram-shop","blocks":{"127bdfa9-c68d-407f-93f4-c84aa0e5a1e7":{"type":"image","settings":{"name":"","image":"shopify:\/\/shop_images\/1_1b465511-d4f8-48aa-8f85-ef37a01eaa34.jpg","url_lookbook":"#"}},"7d150021-1436-478c-baa3-5df94318796a":{"type":"image","settings":{"name":"","image":"shopify:\/\/shop_images\/2_7ae08f32-5ffe-458c-8fed-7c0280758e46.jpg","url_lookbook":"#"}},"a25f44da-1796-4275-818e-9f1e445d956f":{"type":"image","settings":{"name":"","image":"shopify:\/\/shop_images\/3_dbc32329-e2d7-4449-889f-579444323b98.jpg","url_lookbook":"#"}},"f982a8c0-e90e-47c4-b6cc-297efefef797":{"type":"image","settings":{"name":"","image":"shopify:\/\/shop_images\/4_7106ab35-4b73-4495-beb1-c35e4bcc8871.jpg","url_lookbook":"#"}},"167dbea5-1e92-46c5-98fc-ec5047edee5b":{"type":"image","settings":{"name":"","image":"shopify:\/\/shop_images\/5_c0f71094-6c2b-4098-922f-8631193ee8fc.jpg","url_lookbook":"#"}},"048c3214-14ad-4a05-83e6-5ad7f3df547e":{"type":"image","settings":{"name":"","image":"shopify:\/\/shop_images\/6_54d02926-6140-4e4b-975f-587cd4425b70.jpg","url_lookbook":"#"}}},"block_order":["127bdfa9-c68d-407f-93f4-c84aa0e5a1e7","7d150021-1436-478c-baa3-5df94318796a","a25f44da-1796-4275-818e-9f1e445d956f","f982a8c0-e90e-47c4-b6cc-297efefef797","167dbea5-1e92-46c5-98fc-ec5047edee5b","048c3214-14ad-4a05-83e6-5ad7f3df547e"],"settings":{"max_width":"","fullwidth":true,"padding":"","margin":"","margin_content":"0","padding_item":"0","margin_item":"0","navigation":true,"pagination":false,"infinite":true,"autoplay":false,"autoplay_speed":"10000","rows":1,"columns":6,"column1440":5,"column1":4,"column2":3,"column3":2,"column4":1}}},"order":["breadcrumb","main","background","video","policy","ourteam","banner","line","brand","instagram"]}