{"sections":{"breadcrumb":{"type":"product-breadcrumb","settings":{"text_align":"left"}},"product-template":{"type":"product-template","blocks":{"e4fa54ef-75c8-41e0-a49c-880939655646":{"type":"product_collection","settings":{"collection_margin":"0 0 6px","collection_size":14,"collection_color":"#999999","collection_color_hover":"#7f4227","collection_transform":"uppercase"}},"f8ae0d1a-50de-4376-8f6b-868c274e1ce2":{"type":"title","settings":{"product_title_margin":"0 0 10px","title_size":26,"title_color":"#000000","title_transform":"uppercase"}},"505a99c5-19bc-4c99-a9a8-61b58bd03a3c":{"type":"rating","settings":{}},"a3c3adcb-cf66-4d15-9b30-4210264db1c0":{"type":"price","settings":{"product_price_margin":"10px 0 17px","price_size":25,"price_color":"#7f4227","price_color_sale":"#ff0000"}},"27fc329c-430c-40e1-98d4-70322d1267cf":{"type":"short_description","settings":{"description_margin":"0 0 20px","description_size":14,"description_color":"#666666"}},"a064944a-4bd2-4106-95e4-16c1de990486":{"type":"border","settings":{"border_color":"#e9e9e9","border_height":1,"border_space":"15px 0"}},"082a27dc-21c3-4f13-8119-690ae1b6666c":{"type":"inventory","settings":{"product_inventory_margin":"0 0 10px","inventory_size":14,"inventory_color":"#108043","inventory_outstock_color":"#e52828"}},"2dc0c0a9-9b28-436c-b3c3-d2a50fcb2269":{"type":"product_real_time","settings":{"product_real_time_margin":"0 0 15px","product_real_time_count":"30-40","product_real_time_change":"5000","product_real_time_text":"people are viewing this right now","real_time_color":"#000000"}},"8968ec05-64b2-407d-972c-fc0e22724280":{"type":"product_count_sale","settings":{"product_count_sale_margin":"0 0 10px","product_sale_count":"30-40","product_sale_time":"5-20","product_count_sale_text":"sold in last","product_count_sale_unit":"hours","count_sale_color":"#f11e1e"}},"4cbe892e-eda0-4968-9f33-e25474dc25fa":{"type":"border","settings":{"border_color":"#e9e9e9","border_height":1,"border_space":"15px 0 30px"}},"a0be298e-fc53-45b9-8f68-f924b91f5d58":{"type":"countdowns","settings":{"product_countdowns_margin":"","product_countdown_title":"HURRY UP! SALE ENDS IN :","product_countdown_day":"d","product_countdown_hour":"h","product_countdown_min":"m","product_countdown_sec":"s"}},"61dc1536-4060-4a7b-8978-6b15781156e7":{"type":"form_atc","settings":{"product_available_enable":true,"product_selector":"radio","total_product_solid":80,"quantity_enabled":true,"quantity_selector":"text","atc_button_color":"#000000","atc_button_hover_color":"#7f4227","enable_payment_button":true,"payment_button_color":"#ffffff","payment_text_color":"#000000","payment_button_hover_color":"#7f4227","payment_text_hover_color":"#ffffff","show_back_in_stock":true,"back_in_stock_title":"Notify me when available","back_in_stock_title_form":"Back in stock alert","back_in_stock_content":"We will send you a notification as soon as this product is available again.","bis_color":"#ffffff","bis_text_color":"#000000","bis_hover_color":"#7f4227","bis_text_hover_color":"#ffffff"}},"b46e544a-3024-4b16-a177-ad395195c8cb":{"type":"ask-share","settings":{"product_ask-share_margin":"","social_ask_a_question":true,"ask_a_question_title":"ASK A QUESTION","delivery_return":true,"delivery_return_title":"DELIVERT & RETURN","delivery_return_heading":"SHIPPING INFO","delivery_return_content":"<p><b>Return Policy:<\/b> We will gladly accept returns for any reason within 30 days of receipt of delivery.<\/p>\n\n<p><b>Availability:<\/b> Ships anywhere in the United States<\/p>\n\n<p><b>Processing Time:<\/b> Allow 3-4 business days processing time for your order to ship.<\/p>","social_sharing_products":true,"product_share_title":"SHARE"}},"f16c0093-eab2-4dea-911d-5db110e9f689":{"type":"border","settings":{"border_color":"#e9e9e9","border_height":1,"border_space":"15px 0"}},"20c3a9e0-91de-4ae5-afdb-d78348eb3802":{"type":"estimated_delivery","settings":{"product_estimated_delivery_margin":"","estimated_delivery_title":"DELIVERY:","estimated_delivery_day":5,"estimated_delivery_day_preorder":10}},"38e369aa-e4b4-48f8-b4a2-ec2268e6b30c":{"type":"pick_up","settings":{"product_pick_up_margin":""}},"0edcb572-7ba9-4350-b207-f666123c2642":{"type":"buy_more","settings":{"product_buy_more_margin":"","buy_more_title":"BUY MORE SAVE MORE!","buy_more_collection":"save-more","buy_more_content":"5 item(s) get <span>10% OFF<\/span>\n<p>on each product<\/p>","buy_more_quatily":5}},"a378b890-dfc9-4a91-9a2f-cd6520734e2d":{"type":"buy_with","settings":{"product_buy_with_margin":"","buy_it_with_title":"BUY IT WITH","buy_it_with_button":"VIEW PRODUCT"}},"67aec254-2684-477e-aa65-3b8ecbd11df1":{"type":"trust_barget","settings":{"product_trust_barget_margin":"","trust_barget_bg":"#f8f5f4","trust_barget_title":"Guarantee safe & secure checkout","image":"shopify:\/\/shop_images\/Variable-Color.webp"}},"eafb8b9a-9ab0-471f-a1bb-d5f3da8d1d8b":{"type":"buy_together","disabled":true,"settings":{"product_buy_together_margin":"","buy_together_title":"FREQUENTLY BOUGHT TOGETHER"}},"add7c43b-dc39-42d7-a1f6-cd2dd708c569":{"type":"policy","settings":{"product_policy_margin":"50px 0 0","border_policy_width":"1px 1px 0px 1px","border_policy_color":"#e9e9e9","padding_policy":"45px 20px 15px","type_image_policy":"svg","svg_policy":"<svg xmlns=\"http:\/\/www.w3.org\/2000\/svg\" version=\"1.1\" width=\"1em\" height=\"1em\" x=\"0\" y=\"0\" viewbox=\"0 0 48 48\" style=\"enable-background:new 0 0 512 512\" xmlns:xlink=\"http:\/\/www.w3.org\/1999\/xlink\" xmlns:svgjs=\"http:\/\/svgjs.com\/svgjs\" xml:space=\"preserve\"><g><path d=\"m41.211 37.288a4.112 4.112 0 1 1 4.109-4.112 4.114 4.114 0 0 1 -4.109 4.112zm0-6.724a2.612 2.612 0 1 0 2.609 2.612 2.613 2.613 0 0 0 -2.609-2.612z\" data-original=\"#000000\"><\/path><path d=\"m19.542 37.288a4.112 4.112 0 1 1 4.108-4.112 4.115 4.115 0 0 1 -4.108 4.112zm0-6.724a2.612 2.612 0 1 0 2.608 2.612 2.614 2.614 0 0 0 -2.608-2.612z\" data-original=\"#000000\"><\/path><path d=\"m46.621 33.926h-2.051a.75.75 0 0 1 0-1.5h1.839v-3.977a3.16 3.16 0 0 0 -.4-1.536l-4.06-7.279a.4.4 0 0 0 -.349-.205h-5.533v13h1.786a.75.75 0 0 1 0 1.5h-2.536a.75.75 0 0 1 -.75-.75v-14.5a.75.75 0 0 1 .75-.75h6.283a1.9 1.9 0 0 1 1.66.974l4.059 7.28a4.662 4.662 0 0 1 .589 2.266v4.19a1.289 1.289 0 0 1 -1.287 1.287z\" data-original=\"#000000\"><\/path><path d=\"m16.183 33.926h-7.191a.75.75 0 0 1 -.75-.75v-5.768a.75.75 0 0 1 1.5 0v5.018h6.441a.75.75 0 0 1 0 1.5z\" data-original=\"#000000\"><\/path><path d=\"m8.992 24.747a.75.75 0 0 1 -.75-.75v-5.036a.75.75 0 0 1 1.5 0v5.039a.75.75 0 0 1 -.75.747z\" data-original=\"#000000\"><\/path><path d=\"m35.317 33.926h-12.417a.75.75 0 0 1 0-1.5h11.667v-19.621h-24.825v3.089a.75.75 0 0 1 -1.5 0v-3.227a1.364 1.364 0 0 1 1.363-1.362h25.1a1.364 1.364 0 0 1 1.362 1.362v20.509a.75.75 0 0 1 -.75.75z\" data-original=\"#000000\"><\/path><path d=\"m11.957 28.158h-9.519a.75.75 0 0 1 0-1.5h9.519a.75.75 0 0 1 0 1.5z\" data-original=\"#000000\"><\/path><path d=\"m19.542 24.747h-13.283a.75.75 0 0 1 0-1.5h13.283a.75.75 0 0 1 0 1.5z\" data-original=\"#000000\"><\/path><path d=\"m5.846 20.787h-5.187a.75.75 0 1 1 0-1.5h5.187a.75.75 0 0 1 0 1.5z\" data-original=\"#000000\"><\/path><path d=\"m14.163 16.644h-9.156a.75.75 0 1 1 0-1.5h9.156a.75.75 0 0 1 0 1.5z\" data-original=\"#000000\"><\/path><\/g><\/svg>","title_policy":"Free Shipping","desc_policy":"Free worldwide shipping and returns"}},"554d9977-6c29-4fb9-ab1e-eba6b65027fa":{"type":"policy","settings":{"product_policy_margin":"","border_policy_width":"0px 1px 0px 1px","border_policy_color":"#e9e9e9","padding_policy":"20px","type_image_policy":"svg","svg_policy":"<svg xmlns=\"http:\/\/www.w3.org\/2000\/svg\" version=\"1.1\" width=\"1em\" height=\"1em\" x=\"0\" y=\"0\" viewbox=\"0 0 64 64\" style=\"enable-background:new 0 0 512 512\" xmlns:xlink=\"http:\/\/www.w3.org\/1999\/xlink\" xmlns:svgjs=\"http:\/\/svgjs.com\/svgjs\" xml:space=\"preserve\"><g><g><path d=\"m53.66064 10.1084c-5.019-.291-10.707-3.60059-12.91943-5.00879a7.00106 7.00106 0 0 0 -3.77295-1.09961h-9.936a6.9585 6.9585 0 0 0 -3.75296 1.08594c-2.2153 1.41306-7.91114 4.73047-12.94043 5.02246a2.99793 2.99793 0 0 0 -2.81739 2.99414l.00052 19.18555a18.508 18.508 0 0 0 1.15134 6.52441 34.73215 34.73215 0 0 0 21.26074 20.835 6.2473 6.2473 0 0 0 4.13233 0 34.72748 34.72748 0 0 0 21.2583-20.83008 18.52552 18.52552 0 0 0 1.15329-6.53422l.00049-19.17675a3.00024 3.00024 0 0 0 -2.81785-2.99805zm.81736 22.1748c-.277 8.6248-7.10807 20.37314-21.07484 25.4778a4.24121 4.24121 0 0 1 -2.8055-.00021 32.75936 32.75936 0 0 1 -20.05176-19.65044 16.52092 16.52092 0 0 1 -1.0239-5.82226l-.00052-19.18555a.99648.99648 0 0 1 .9336-.998c5.30029-.30664 10.98388-3.47265 13.89941-5.333a4.96953 4.96953 0 0 1 2.67774-.77154h9.936a5.00726 5.00726 0 0 1 2.69824.78613c2.91211 1.8545 8.58789 5.01172 13.87842 5.31836a.99876.99876 0 0 1 .9336 1.002z\" data-original=\"#000000\"><\/path><path d=\"m32 16.12109a15.89664 15.89664 0 0 0 -15.87891 15.87891c.87194 21.06559 30.88909 21.05945 31.75785-.00012a15.89666 15.89666 0 0 0 -15.87894-15.87879zm0 29.75782a13.89435 13.89435 0 0 1 -13.87891-13.87891c.762-18.41231 26.9986-18.407 27.75784.0001a13.89436 13.89436 0 0 1 -13.87893 13.87881z\" data-original=\"#000000\"><\/path><path d=\"m34.94775 28.05273a1 1 0 0 0 2 0 4.95651 4.95651 0 0 0 -3.94775-4.84625v-1.95548a1 1 0 0 0 -2 0v1.9555a4.95843 4.95843 0 0 0 .00014 9.69153l-.00014 5.81102a2.94377 2.94377 0 0 1 -1.94775-2.76178 1.00019 1.00019 0 0 0 -2 .00006 4.95649 4.95649 0 0 0 3.94775 4.84619v1.95548a1 1 0 0 0 2 0v-1.9555a4.95843 4.95843 0 0 0 -.00014-9.69153l.00014-5.81097a2.94377 2.94377 0 0 1 1.94775 2.76173zm-5.8955 0a2.94377 2.94377 0 0 1 1.94775-2.76173v5.52259a2.9432 2.9432 0 0 1 -1.94775-2.76086zm5.8955 7.89454a2.94377 2.94377 0 0 1 -1.94775 2.76178v-5.52259a2.9432 2.9432 0 0 1 1.94775 2.76081z\" data-original=\"#000000\"><\/path><\/g><\/g><\/svg>","title_policy":"Secure Payment","desc_policy":"Payment information is processed  securely."}},"8f085d18-e67b-4589-8a07-3fa828b9d2df":{"type":"policy","settings":{"product_policy_margin":"","border_policy_width":"0px 1px 1px 1px","border_policy_color":"#e9e9e9","padding_policy":"15px 20px 45px","type_image_policy":"svg","svg_policy":"<svg xmlns=\"http:\/\/www.w3.org\/2000\/svg\" version=\"1.1\" width=\"1em\" height=\"1em\" x=\"0\" y=\"0\" viewbox=\"0 0 560 560\" style=\"enable-background:new 0 0 512 512\" xmlns:xlink=\"http:\/\/www.w3.org\/1999\/xlink\" xmlns:svgjs=\"http:\/\/svgjs.com\/svgjs\" xml:space=\"preserve\"><g><path d=\"m462.5-5.582031h-400c-34.511719.011719-62.484375 27.988281-62.5 62.5v233.371093c.015625 34.511719 27.988281 62.492188 62.5 62.5h400c34.511719-.007812 62.484375-27.988281 62.5-62.5v-233.371093c-.015625-34.511719-27.988281-62.488281-62.5-62.5zm-400 25h400c18.003906.046875 33.453125 12.824219 36.875 30.496093l-236.875 132.003907-236.875-132.003907c3.421875-17.671874 18.871094-30.449218 36.875-30.496093zm400 308.25h-400c-20.683594-.0625-37.441406-16.816407-37.5-37.5v-212l231.375 128.996093c1.875 1.03125 3.980469 1.59375 6.125 1.628907 2.152344.023437 4.265625-.539063 6.125-1.628907l231.375-128.996093v212c-.015625 20.703125-16.796875 37.480469-37.5 37.5zm0 0\" data-original=\"#000000\"><\/path><\/g><\/svg>","title_policy":"Contact Us","desc_policy":"Need to contact us ? Just send us an  e-mail at info@yourstore.com"}}},"block_order":["e4fa54ef-75c8-41e0-a49c-880939655646","f8ae0d1a-50de-4376-8f6b-868c274e1ce2","505a99c5-19bc-4c99-a9a8-61b58bd03a3c","a3c3adcb-cf66-4d15-9b30-4210264db1c0","27fc329c-430c-40e1-98d4-70322d1267cf","a064944a-4bd2-4106-95e4-16c1de990486","082a27dc-21c3-4f13-8119-690ae1b6666c","2dc0c0a9-9b28-436c-b3c3-d2a50fcb2269","8968ec05-64b2-407d-972c-fc0e22724280","4cbe892e-eda0-4968-9f33-e25474dc25fa","a0be298e-fc53-45b9-8f68-f924b91f5d58","61dc1536-4060-4a7b-8978-6b15781156e7","b46e544a-3024-4b16-a177-ad395195c8cb","f16c0093-eab2-4dea-911d-5db110e9f689","20c3a9e0-91de-4ae5-afdb-d78348eb3802","38e369aa-e4b4-48f8-b4a2-ec2268e6b30c","0edcb572-7ba9-4350-b207-f666123c2642","a378b890-dfc9-4a91-9a2f-cd6520734e2d","67aec254-2684-477e-aa65-3b8ecbd11df1","eafb8b9a-9ab0-471f-a1bb-d5f3da8d1d8b","add7c43b-dc39-42d7-a1f6-cd2dd708c569","554d9977-6c29-4fb9-ab1e-eba6b65027fa","8f085d18-e67b-4589-8a07-3fa828b9d2df"],"settings":{"product_button_wishlist":true,"product_button_compare":true,"show_sticky_cart":true,"media_layout":"thumbnails","position_thumbnails":"left","thumbnail_count":5,"enable_video_looping":false,"show_sidebar":false,"position_sidebar":"left","heading_sidebar":"TOP RATE PRODUCTS","collection_sidebar":"all-products","collection_limit":4}},"buy-together":{"type":"buy-together","settings":{"bundler_title":"FREQUENTLY BOUGHT TOGETHER","bundler_margin":"60px 0 0"}},"product-tab":{"type":"product-information","blocks":{"14602642-3bec-4b7c-ba2a-595627cccceb":{"type":"tab_description","settings":{"title_description":"DESCRIPTION"}},"81d03f48-fab1-46ad-85e1-22a1c518009a":{"type":"tab_review","settings":{"title_review":"REVIEW"}},"35ba8ad6-8d45-4c06-818d-4fe29a1bdf75":{"type":"tab_custom","settings":{"title_custom":"SHIPPING","content_custom":"<p>For orders placed before 7am AEDT, we endeavour to process the same business day. Orders placed after 11am AEDT will be processed the next business day.<\/p>\n<p>During sale events and new collection launches, there may be a slighly longer processing time.<\/p>\n<p>All Auguste orders are hand-picked and packed with love from Byron Bay, Australie.<\/p>"}},"1c519445-14ba-4b4f-a8df-6bf711832c78":{"type":"tab_custom","settings":{"title_custom":"RETURN","content_custom":"<p>You can choose between a refund or a credit note on full priced items.<\/p>\n<ul>\n<li>Item(s) must be returned in their original condition and packaging: unworn, unwashed and with all tags attached.<\/li>\n<li>Earrings cannot be returned due to health and safety reasons.<\/li>\n<li>Return shipping methods and associated costs are the responsibility of the customer.<\/li>\n<li>Sale items can not be refunded for change of mind.<\/li>\n<\/ul>"}}},"block_order":["14602642-3bec-4b7c-ba2a-595627cccceb","81d03f48-fab1-46ad-85e1-22a1c518009a","35ba8ad6-8d45-4c06-818d-4fe29a1bdf75","1c519445-14ba-4b4f-a8df-6bf711832c78"],"settings":{"margin":"50px 0 60px","tab_layout":"tab"}},"product-recommendations":{"type":"product-recommendations","settings":{"margin":"0 0 50px","heading":"YOU MAY ALSO LIKE","navigation":true,"infinite":true,"autoplay":false,"autoplay_speed":"10000","columns":4,"column1440":4,"column1":4,"column2":3,"column3":2,"column4":1}},"recently-viewed":{"type":"recently-viewed","settings":{"margin":"30px 0","heading":"RECENTLY VIEWED PRODUCTS","navigation":true,"limit":4,"infinite":true,"autoplay":false,"autoplay_speed":"10000","columns":4,"column1440":4,"column1":4,"column2":3,"column3":2,"column4":1}}},"order":["breadcrumb","product-template","buy-together","product-tab","product-recommendations","recently-viewed"]}